0.1,0.1,1.12454591983,0.109301760315,-15.7977434346,0.626292582449
0.1,0.1,1.12454591983,0.109301760315,-15.7977434346,0.626292582449
0.1,0.125892541179,1.12428804341,0.108260088592,-15.8013669416,0.787010402406
0.1,0.158489319246,1.12389049248,0.106633324327,-15.8069563189,0.987988098413
0.1,0.199526231497,1.12328705001,0.104113225346,-15.8154479942,1.23847015163
0.1,0.251188643151,1.12391255289,0.101205920508,-15.7883212842,1.56455303186
0.1,0.316227766017,1.12111308156,0.0944535208986,-15.8461159843,1.93263109414
0.1,0.398107170553,1.11937754582,0.0859351714588,-15.8706845499,2.40297989022
0.1,0.501187233627,1.11720103244,0.0738312827638,-15.9016035665,2.97811512291
0.1,0.63095734448,1.11477857964,0.0573573847408,-15.9361583066,3.68374270506
0.1,0.794328234724,1.11257309783,0.0362500849792,-15.9677489566,4.56251706558
0.1,1.0,1.11127748511,0.0122362663405,-15.9863653858,5.68718077562
0.1,1.25892541179,1.11131122431,0.0134195588675,-15.9858800428,0.875510493232
0.1,1.58489319246,1.11171550578,0.0233169309627,-15.9800666893,2.75437212173
0.1,1.99526231497,1.11124921999,0.0111492993215,-15.9867720061,5.05514774446
0.1,2.51188643151,1.11125576727,0.0114107305515,-15.9866778156,1.70714167126
0.1,3.16227766017,1.11114375626,0.00542390554398,-15.9882893837,5.3877459935
0.1,3.98107170553,1.1112019426,0.00904383744269,-15.9874521821,3.76222974115
0.1,5.01187233627,1.11117354408,0.00749995940423,-15.9878607771,3.32744157259
0.1,6.3095734448,1.11113731152,0.00486411568328,-15.9883821178,4.40352975099
0.1,7.94328234724,1.1111183625,0.00257423270777,-15.9886547839,1.10519529124
0.1,10.0,1.11111153132,0.000710217013847,-15.9887530831,0.210089219643
0.1,12.5892541179,1.11111944984,0.00276832612238,-15.9886391374,2.34394074138
0.1,15.8489319246,1.11111537819,0.00201014225085,-15.9886977273,1.99415160325
0.1,19.9526231497,1.11111094999,0.000328264030239,-15.9887614483,0.150307031822
0.1,25.1188643151,1.11111248577,0.00124742739637,-15.9887393486,4.34183637542
0.1,31.6227766017,1.11111218332,0.00116861828523,-15.9887437009,3.55787280112
0.1,39.8107170553,1.11111058754,0.000185045817283,-15.9887666639,6.04686434168
0.1,50.1187233627,1.11111077357,0.000576397647656,-15.988763987,1.72203105433
0.1,63.095734448,1.11111023071,9.39855396414e-05,-15.9887717987,6.26137364779
0.1,79.4328234724,1.11111011554,0.000335576628089,-15.9887734559,4.74030945668
0.1,100.0,1.11110982046,0.000328324590691,-15.9887777022,2.0954506257
0.125,0.1,1.16588304518,0.140533816863,-14.8143570432,0.625790466758
0.125,0.1,1.16588304518,0.140533816863,-14.8143570432,0.625790466758
0.125,0.125892541179,1.16543907126,0.13919887862,-14.8200005714,0.786024858288
0.125,0.158489319246,1.1647560671,0.137117826426,-14.8286909077,0.986071026565
0.125,0.199526231497,1.1637225381,0.133902478039,-14.8418606124,1.23479091789
0.125,0.251188643151,1.16233657913,0.129083241476,-14.8581014742,1.54329866731
0.125,0.316227766017,1.16002762387,0.121662605632,-14.889134833,1.91994522957
0.125,0.398107170553,1.15710389257,0.110961366135,-14.9267561996,2.38054610525
0.125,0.501187233627,1.1534578175,0.0958663161081,-14.97393961,2.94010212242
0.125,0.63095734448,1.14940126568,0.0754553701375,-15.0267867433,3.62232963493
0.125,0.794328234724,1.14565066329,0.0493799572472,-15.0759810607,4.46820340683
0.125,1.0,1.14329286853,0.0195224685881,-15.1070720174,5.55061795021
0.125,1.25892541179,1.14312598804,0.0153362183018,-15.1092774397,0.693896536136
0.125,1.58489319246,1.14387115357,0.0297740339159,-15.0994346242,2.53333160105
0.125,1.99526231497,1.14320113979,0.0173474014861,-15.1082841861,4.77543387051
0.125,2.51188643151,1.14303977798,0.0126417188578,-15.1104170079,1.34158342596
0.125,3.16227766017,1.14297287289,0.0100645104855,-15.1113015117,4.93562107437
0.125,3.98107170553,1.14303419534,0.0124478466287,-15.1104908081,3.19023396094
0.125,5.01187233627,1.14296117431,0.00954384361649,-15.1114561808,2.60214150064
0.125,6.3095734448,1.1429255867,0.00774384749616,-15.1119267107,3.49303769187
0.125,7.94328234724,1.14285878717,0.00124232008284,-15.1128099952,6.23255049244
0.125,10.0,1.1428671974,0.00298814274913,-15.1126987818,5.04331942144
0.125,12.5892541179,1.14285874109,0.00125057624654,-15.1128106046,0.511173670751
0.125,15.8489319246,1.14285759658,0.000778827843252,-15.1128257393,5.97205557039
0.125,19.9526231497,1.14286363938,0.00243876227462,-15.1127458314,3.53842319239
0.125,25.1188643151,1.14285742963,0.000763175517209,-15.1128279469,0.690895237289
0.125,31.6227766017,1.14285743938,0.000822929791923,-15.1128278181,5.24513132856
0.125,39.8107170553,1.1428566396,0.000293704083929,-15.1128383941,0.262533717894
0.125,50.1187233627,1.14285656347,0.000394837690311,-15.1128394008,0.722580902221
0.125,63.095734448,1.14285688485,0.000780694086821,-15.112835151,3.37813980823
0.125,79.4328234724,1.14285598584,0.000199495247928,-15.1128470393,5.76492215947
0.125,100.0,1.14285564121,0.000103112506604,-15.1128515965,0.131517795699
0.15,0.1,1.21302940399,0.173604268645,-13.8317566142,0.625290077735
0.15,0.1,1.21302940399,0.173604268645,-13.8317566142,0.625290077735
0.15,0.125892541179,1.21231940262,0.171960570669,-13.8398572568,0.78504457043
0.15,0.158489319246,1.21122957553,0.16940270374,-13.8523099344,0.984169625246
0.15,0.199526231497,1.20958581222,0.165460954862,-13.8711344928,1.23115695835
0.15,0.251188643151,1.20717083657,0.159472793463,-13.8988840465,1.53550760228
0.15,0.316227766017,1.20375661817,0.150556969259,-13.9383054919,1.90758301122
0.15,0.398107170553,1.19918731996,0.137635181616,-13.9914150214,2.35888206772
0.15,0.501187233627,1.19352496866,0.119536989618,-14.0577934458,2.90373261667
0.15,0.63095734448,1.18723637321,0.0952257553619,-14.1322552614,3.56398806363
0.15,0.794328234724,1.18135188399,0.0642803848466,-14.2026501242,4.37871335855
0.15,1.0,1.177438729,0.0286749914351,-14.2498518765,5.41977870314
0.15,1.25892541179,1.17682094242,0.0172548041241,-14.2573325109,0.516154966212
0.15,1.58489319246,1.1780163764,0.0362245244216,-14.2428643761,2.31508025645
0.15,1.99526231497,1.17719471861,0.0248024018186,-14.2528056035,4.50377669024
0.15,2.51188643151,1.17666742219,0.0129350201321,-14.2591926702,0.981607893153
0.15,3.16227766017,1.17676176064,0.0157314453975,-14.2580495416,4.49479376484
0.15,3.98107170553,1.17674423574,0.0152512477486,-14.2582618825,2.62597663409
0.15,5.01187233627,1.17659477287,0.0102768584078,-14.2600731099,1.88585140155
0.15,6.3095734448,1.1765787315,0.00959165084661,-14.2602675304,2.59542991769
0.15,7.94328234724,1.17649599363,0.00465860182507,-14.2612703933,5.10363186826
0.15,10.0,1.17651426658,0.00610426355604,-14.2610488954,3.62339292688
0.15,12.5892541179,1.17648189724,0.003128178624,-14.2614412693,5.0008805657
0.15,15.8489319246,1.17648737736,0.00380634990104,-14.2613748389,3.71649734992
0.15,19.9526231497,1.17647218401,0.0012770800958,-14.2615590151,0.688559360288
0.15,25.1188643151,1.17647741261,0.00247935612684,-14.2614956327,3.39370731382
0.15,31.6227766017,1.17647090181,0.000838314127388,-14.2615745583,0.733116846273
0.15,39.8107170553,1.17647059409,0.00074487755228,-14.2615782886,0.866027513413
0.15,50.1187233627,1.17646988719,0.000311918089438,-14.2615868579,6.13790170816
0.15,63.095734448,1.17646974347,0.000392320368343,-14.2615886001,0.657785224932
0.15,79.4328234724,1.17646942314,0.000328201198096,-14.2615924832,0.714728738642
0.15,100.0,1.17646920496,0.000455932859161,-14.2615951281,4.71353308783
0.175,0.1,1.26730928779,0.208680236232,-12.8499391732,0.624791404867
0.175,0.1,1.26730928779,0.208680236232,-12.8499391732,0.624791404867
0.175,0.125892541179,1.26622627366,0.206710859396,-12.8609298358,0.784069489375
0.175,0.158489319246,1.26456783237,0.203651539503,-12.8777965443,0.982283669924
0.175,0.199526231497,1.2620751247,0.198949185301,-12.9032313078,1.2275673061
0.175,0.251188643151,1.25843070106,0.191831692841,-12.940599151,1.52882887035
0.175,0.316227766017,1.25331107756,0.181286627566,-12.9934599266,1.89553068258
0.175,0.398107170553,1.24651044058,0.166097574464,-13.0643488667,2.33794551148
0.175,0.501187233627,1.2381426073,0.144970628685,-13.1526426485,2.86890042349
0.175,0.63095734448,1.22887913677,0.116776552417,-13.2517891911,3.50851806957
0.175,0.794328234724,1.2201340934,0.0810384126308,-13.3467684822,4.29383467147
0.175,1.0,1.21404231439,0.0397795662492,-13.4137394297,5.29481188088
0.175,1.25892541179,1.21260254191,0.0199237568068,-13.4296661099,0.343032435167
0.175,1.58489319246,1.21432363012,0.0425877970582,-13.4106319418,2.09954305724
0.175,1.99526231497,1.21347662006,0.0334214077107,-13.4199926002,4.23969356983
0.175,2.51188643151,1.21231595169,0.0126755160505,-13.4328408689,0.628553557848
0.175,3.16227766017,1.21271362207,0.0221030278253,-13.4284360013,4.06410872482
0.175,3.98107170553,1.21246875728,0.0169321686321,-13.4311479483,2.06841573475
0.175,5.01187233627,1.21222689386,0.00934085439569,-13.43382773,1.17977920304
0.175,6.3095734448,1.21223124841,0.00953214217035,-13.4337794733,1.70886674298
0.175,7.94328234724,1.21221789787,0.00893715187481,-13.4339274237,3.99990514302
0.175,10.0,1.21218057674,0.00700829407967,-13.4343410333,2.22343036691
0.175,12.5892541179,1.21216675394,0.00614423316872,-13.4344942301,3.2442965632
0.175,15.8489319246,1.21213555103,0.00347247212371,-13.4348400622,1.49482133944
0.175,19.9526231497,1.21213497566,0.00341214495507,-13.4348464394,4.18117018087
0.175,25.1188643151,1.21212172304,0.000885663328996,-13.434993328,6.15525158208
0.175,31.6227766017,1.21212743273,0.00236410916809,-13.4349300429,2.59024159462
0.175,39.8107170553,1.21212299779,0.0014313242314,-13.4349791989,1.5743864895
0.175,50.1187233627,1.21212104738,0.000766801548061,-13.435000817,5.40186829218
0.175,63.095734448,1.21212135858,0.00101686360481,-13.4349973676,4.38792333839
0.175,79.4328234724,1.21212073508,0.000868893237934,-13.4350042785,2.15655961107
0.175,100.0,1.21212018224,0.000772960560261,-13.4350104061,3.27433980935
0.2,0.1,1.33048257991,0.245949730299,-11.8689017656,0.624294437715
0.2,0.1,1.33048257991,0.245949730299,-11.8689017656,0.624294437715
0.2,0.125892541179,1.32888044756,0.243636151738,-11.8832112179,0.783099566519
0.2,0.158489319246,1.32643335497,0.240048364396,-11.9051341574,0.980412938852
0.2,0.199526231497,1.32276903497,0.234547769962,-11.938113627,1.22402102096
0.2,0.251188643151,1.31743970979,0.226252030021,-11.986405848,1.52226757009
0.2,0.316227766017,1.31000446441,0.214020517747,-12.054437577,1.88377528334
0.2,0.398107170553,1.30020789064,0.196507718884,-12.1452631963,2.31769721065
0.2,0.501187233627,1.28825003842,0.172312151314,-12.2579985025,2.83550760425
0.2,0.63095734448,1.27507456937,0.140232615615,-12.3846615885,3.45573093986
0.2,0.794328234724,1.26256387252,0.0997551488391,-12.5073807238,4.2133372805
0.2,1.0,1.25351145441,0.0529273760773,-12.597704621,5.17575346571
0.2,1.25892541179,1.25073376772,0.0242216301632,-12.6256821789,0.175216959559
0.2,1.58489319246,1.2529885299,0.0488379329632,-12.6029621699,1.88687103352
0.2,1.99526231497,1.25232674987,0.0431041711037,-12.6096220842,3.98253512315
0.2,2.51188643151,1.25021387746,0.0130808617,-12.630932456,0.283916676093
0.2,3.16227766017,1.25103817516,0.0288079241323,-12.6226100492,3.64194585788
0.2,3.98107170553,1.25036893049,0.0171789541856,-12.6293661468,1.5181463873
0.2,5.01187233627,1.25006934339,0.00745287543765,-12.632392855,0.487503754282
0.2,6.3095734448,1.25007033907,0.0075074520356,-12.6323827933,0.836510912157
0.2,7.94328234724,1.25017271677,0.011758988842,-12.6313483169,2.91354724848
0.2,10.0,1.25002804294,0.00475220669586,-12.6328102245,0.843152870878
0.2,12.5892541179,1.25003642105,0.00541532400424,-12.6327255557,1.51065952395
0.2,15.8489319246,1.25000868222,0.00268035956947,-12.6330058873,5.597941173
0.2,19.9526231497,1.25001331031,0.00330905850265,-12.6329591145,1.43783006344
0.2,25.1188643151,1.25001630326,0.00366366370005,-12.6329288671,2.70800039313
0.2,31.6227766017,1.2500064097,0.00236781995111,-12.6330288543,4.52648113697
0.2,39.8107170553,1.25000537035,0.00221316702497,-12.6330393584,2.38740625829
0.2,50.1187233627,1.25000130994,0.00134429844198,-12.6330803945,4.79745472223
0.2,63.095734448,1.25000085413,0.00128012326434,-12.6330850011,1.999352277
0.2,79.4328234724,1.25000007968,0.00112563555368,-12.6330928281,3.80577673968
0.2,100.0,1.24999896377,0.000828482685456,-12.633104106,2.09618318334
0.225,0.1,1.40493989875,0.285625021246,-10.8886414539,0.623799166271
0.225,0.1,1.40493989875,0.285625021246,-10.8886414539,0.623799166271
0.225,0.125892541179,1.40261442049,0.282946907538,-10.9066943832,0.782134753965
0.225,0.158489319246,1.39907244347,0.278800958747,-10.934306435,0.97855721664
0.225,0.199526231497,1.39379031058,0.272460624459,-10.9757448488,1.22051719308
0.225,0.251188643151,1.3861519491,0.262932277195,-11.0362264625,1.51582016909
0.225,0.316227766017,1.37557503942,0.248949538553,-11.121084916,1.87230459204
0.225,0.398107170553,1.3617634389,0.229045896362,-11.2338798243,2.29810071979
0.225,0.501187233627,1.34505793546,0.201726758632,-11.3734036419,2.8034638096
0.225,0.63095734448,1.32676776747,0.165738230029,-11.5301917915,3.4054496004
0.225,0.794328234724,1.3093501094,0.120548958587,-11.6835724165,4.13698252813
0.225,1.0,1.2963556733,0.0682195008165,-11.8006864449,5.06254469108
0.225,1.25892541179,1.29155063268,0.0308359195296,-11.8445893135,0.0132941339102
0.225,1.58489319246,1.29424874937,0.055029244495,-11.8198334306,1.67754306528
0.225,1.99526231497,1.29406143164,0.0537518979967,-11.8216078833,3.73158521695
0.225,2.51188643151,1.29065614456,0.0160774282038,-11.8527981958,6.23225571684
0.225,3.16227766017,1.29256316172,0.035474124329,-11.8296811085,3.24619478406
0.225,3.98107170553,1.29066093904,0.0161932233445,-11.8527541657,0.97733917635
0.225,5.01187233627,1.29041260737,0.00835729304311,-11.8550351526,6.09621758088
0.225,6.3095734448,1.29037691746,0.00649677430932,-11.8553630453,6.26766841738
0.225,7.94328234724,1.29049982467,0.0117247354007,-11.8542339404,1.83971676533
0.225,10.0,1.29035274696,0.00485140331258,-11.8555851164,5.77809762722
0.225,12.5892541179,1.29033682376,0.00335224262422,-11.8557314183,6.09283780074
0.225,15.8489319246,1.29038600952,0.0070288670582,-11.8552795123,3.46976555505
0.225,19.9526231497,1.29033985995,0.00370225352613,-11.8557035217,5.03120421143
0.225,25.1188643151,1.29032802559,0.00214889160053,-11.8558122573,5.60080008739
0.225,31.6227766017,1.29032436036,0.00137137793142,-11.8558459343,0.260973221128
0.225,39.8107170553,1.29033205299,0.00282367524218,-11.8557752528,3.30417142684
0.225,50.1187233627,1.2903263198,0.00192223677214,-11.8558279305,4.32435647529
0.225,63.095734448,1.29032187824,0.000677771099919,-11.8558687407,6.05753339941
0.225,79.4328234724,1.29032150654,0.000656452157791,-11.855872156,5.66137514834
0.225,100.0,1.2903211852,0.000714294185715,-11.8558751086,1.17949461863
0.25,0.1,1.49401297265,0.327946681826,-9.9091553237,0.623305579963
0.25,0.1,1.49401297265,0.327946681826,-9.9091553237,0.623305579963
0.25,0.125892541179,1.49067077688,0.32488164685,-9.93137239373,0.781175003057
0.25,0.158489319246,1.4855960822,0.320144809018,-9.96529728303,0.976716292533
0.25,0.199526231497,1.4780625758,0.312918860386,-10.0160891995,1.2170549388
0.25,0.251188643151,1.46723760358,0.302097406296,-10.0899858111,1.50948328194
0.25,0.316227766017,1.45237282323,0.286290199524,-10.1932550409,1.8611070737
0.25,0.398107170553,1.43315572718,0.263916967631,-10.329935764,2.27912213878
0.25,0.501187233627,1.41015437488,0.233403193522,-10.4984297219,2.77268566812
0.25,0.63095734448,1.38517608056,0.193460167302,-10.6877434641,3.35750864714
0.25,0.794328234724,1.36139039513,0.143558816258,-10.8744755763,4.06453019813
0.25,1.0,1.34321500835,0.0857714849901,-11.0216208943,4.9550515208
0.25,1.25892541179,1.33548264113,0.0401174035252,-11.0854354416,6.14090388815
0.25,1.58489319246,1.33836344118,0.0613060103771,-11.0615742676,1.47174743085
0.25,1.99526231497,1.33903892882,0.065276285996,-11.0559941783,3.4861500329
0.25,2.51188643151,1.33401838255,0.022661943569,-11.097603148,5.90822779347
0.25,3.16227766017,1.33565271151,0.041672103192,-11.0840239188,2.8169075124
0.25,3.98107170553,1.3336473447,0.0153465479356,-11.1006906439,0.449018013323
0.25,5.01187233627,1.33361580583,0.0145564416674,-11.1009531658,5.44177205106
0.25,6.3095734448,1.33351306142,0.0116137863436,-11.1018084711,5.44020641055
0.25,7.94328234724,1.33344311737,0.00908080158839,-11.1023908023,0.783085201364
0.25,10.0,1.33349634127,0.0110637625296,-11.101947672,4.46661364389
0.25,12.5892541179,1.33343795165,0.00886943226251,-11.1024338127,4.43763730185
0.25,15.8489319246,1.33338083407,0.00599066181316,-11.102909404,1.37061822261
0.25,19.9526231497,1.33338651134,0.00634136858256,-11.1028621302,2.39854191112
0.25,25.1188643151,1.33336532285,0.0049405123719,-11.1030385656,2.28510144081
0.25,31.6227766017,1.33335376841,0.00398150455134,-11.1031347812,2.36809379267
0.25,39.8107170553,1.33334364553,0.00289816872204,-11.1032190773,4.32361751346
0.25,50.1187233627,1.33334043366,0.00248227011512,-11.1032458237,3.98240518805
0.25,63.095734448,1.3333370768,0.00196504389147,-11.1032737777,4.00122201966
0.25,79.4328234724,1.3333335764,0.00122923830743,-11.1033029271,1.44375509106
0.25,100.0,1.33333163614,0.000631427668036,-11.1033190846,0.524816180755
0.275,0.1,1.60248829986,0.373188467306,-8.93044047987,0.622813668389
0.275,0.1,1.60248829986,0.373188467306,-8.93044047987,0.622813668389
0.275,0.125892541179,1.59769404208,0.3697117906,-8.95723837271,0.78022026708
0.275,0.158489319246,1.59044030652,0.364347883227,-8.99809085755,0.974889959189
0.275,0.199526231497,1.57972733207,0.356185473335,-9.05911171569,1.21363339945
0.275,0.251188643151,1.56444412522,0.344003461114,-9.14761105936,1.50325366475
0.275,0.316227766017,1.54365482515,0.326289028763,-9.27080727404,1.85017183266
0.275,0.398107170553,1.51708364453,0.301354567106,-9.43318216712,2.26072989989
0.275,0.501187233627,1.48566476593,0.267557656822,-9.63267535838,2.74309620478
0.275,0.63095734448,1.45189506021,0.223591356919,-9.85672227547,3.31175410184
0.275,0.794328234724,1.41983738027,0.168948055313,-10.0792714577,3.99574370235
0.275,1.0,1.39490015933,0.105718063259,-10.2594628625,4.85308346324
0.275,1.25892541179,1.38307908311,0.0522006745455,-10.3471497446,5.99198670473
0.275,1.58489319246,1.38570879901,0.0679520832998,-10.327513538,1.27049579014
0.275,1.99526231497,1.38766853595,0.0776094211141,-10.3129284918,3.24563128017
0.275,2.51188643151,1.38077091196,0.0325243302199,-10.3644465983,5.59558033478
0.275,3.16227766017,1.38238567849,0.0471668196446,-10.3523398746,2.41213375306
0.275,3.98107170553,1.37973766392,0.0176005180614,-10.3722082508,6.21918184008
0.275,5.01187233627,1.38006925414,0.0234519106563,-10.3697161129,4.80669272458
0.275,6.3095734448,1.3798516136,0.0198084512856,-10.3713517022,4.63637945573
0.275,7.94328234724,1.3794254756,0.00914334858212,-10.3745556645,6.03680488586
0.275,10.0,1.37965631662,0.0158410965514,-10.3728198169,3.1802697865
0.275,12.5892541179,1.3795241831,0.0124590864766,-10.3738133459,2.81324117019
0.275,15.8489319246,1.37934980414,0.00537434037633,-10.3751248151,5.59841708144
0.275,19.9526231497,1.37932794684,0.00362093866282,-10.3752892228,6.09021806865
0.275,25.1188643151,1.37933029398,0.00386027575945,-10.3752715677,5.31019677675
0.275,31.6227766017,1.37933257303,0.00408302089619,-10.3752544248,4.55279005721
0.275,39.8107170553,1.37931664693,0.00229503791787,-10.3753742213,5.446174818
0.275,50.1187233627,1.37932188202,0.00304044364159,-10.3753348425,3.77158019281
0.275,63.095734448,1.37931583491,0.00225599182577,-10.3753803294,2.10811502357
0.275,79.4328234724,1.3793135613,0.00193120464919,-10.3753974318,3.71777275143
0.275,100.0,1.37930862393,0.000717096597167,-10.3754345716,0.132214462207
0.3,0.1,1.73749846075,0.421663241103,-7.95249404453,0.622323421533
0.3,0.1,1.73749846075,0.421663241103,-7.95249404453,0.622323421533
0.3,0.125892541179,1.73058016766,0.417747534319,-7.98428551289,0.779270499829
0.3,0.158489319246,1.7201557463,0.411716430117,-8.0326715713,0.973078012197
0.3,0.199526231497,1.70485186144,0.402561041907,-8.10477817693,1.21025174336
0.3,0.251188643151,1.68320049439,0.388943096973,-8.2090316677,1.49712820478
0.3,0.316227766017,1.65406948502,0.369227918876,-8.35360683859,1.83948856693
0.3,0.398107170553,1.61732718749,0.341626200044,-8.54338334777,2.24289457483
0.3,0.501187233627,1.57450063737,0.304438596244,-8.77576409533,2.71462430822
0.3,0.63095734448,1.52905813726,0.256355323323,-9.03657344664,3.26804298078
0.3,0.794328234724,1.48619571243,0.196908665657,-9.29719151113,3.93039372982
0.3,1.0,1.45244953261,0.128218177338,-9.51320224991,4.75641045338
0.3,1.25892541179,1.43504414733,0.0671601671126,-9.62858612208,5.8498970696
0.3,1.58489319246,1.43673312825,0.0753708276843,-9.61726704134,1.07439309254
0.3,1.99526231497,1.44042500463,0.090715244391,-9.59261753794,3.00958161335
0.3,2.51188643151,1.43149453246,0.0451888948176,-9.65246170923,5.29439619802
0.3,3.16227766017,1.4324162441,0.0518092777341,-9.64625067497,2.01259940919
0.3,3.98107170553,1.42945177598,0.024818023159,-9.66625554892,5.72315348616
0.3,5.01187233627,1.43014811649,0.0332047411717,-9.6615490397,4.18785399788
0.3,6.3095734448,1.42969710803,0.0280618507562,-9.66459684635,3.8507587153
0.3,7.94328234724,1.4289570611,0.01643208242,-9.66960207387,5.03913670207
0.3,10.0,1.42894421819,0.0161575510973,-9.66968898132,1.90821198541
0.3,12.5892541179,1.42872470995,0.010369053062,-9.67117462536,1.20809966067
0.3,15.8489319246,1.42876162336,0.01155026882,-9.67092476142,3.59779971462
0.3,19.9526231497,1.42869188145,0.00920199033214,-9.67139684978,3.56709573041
0.3,25.1188643151,1.42863574488,0.00674404632131,-9.67177687597,2.12605965828
0.3,31.6227766017,1.42858524754,0.00320266710961,-9.67211875198,0.535565293694
0.3,39.8107170553,1.42857883854,0.00243386911501,-9.6721621438,0.391384195498
0.3,50.1187233627,1.42858885277,0.00362290039052,-9.67209434312,3.69192542483
0.3,63.095734448,1.42857309887,0.00152976713737,-9.67220100422,0.378270223742
0.3,79.4328234724,1.42857122243,0.00115452044588,-9.67221370876,6.19663403116
0.3,100.0,1.42856996611,0.000914516996298,-9.67222221473,0.00155383720826
0.325,0.1,1.91016025203,0.473730216809,-6.97531315882,0.621834829444
0.325,0.1,1.91016025203,0.473730216809,-6.97531315882,0.621834829444
0.325,0.125892541179,1.90002887753,0.469345029012,-7.01250707242,0.778325655855
0.325,0.158489319246,1.88483811191,0.462602073209,-7.06902404895,0.97128025305
0.325,0.199526231497,1.86269582514,0.452390679662,-7.15305513743,1.20690916109
0.325,0.251188643151,1.83167963244,0.437252367667,-7.27417923173,1.49110391697
0.325,0.316227766017,1.79048875278,0.41543066935,-7.44152451154,1.82904752882
0.325,0.398107170553,1.73934941344,0.385039476084,-7.66031588507,2.22558869984
0.325,0.501187233627,1.68076071244,0.344332558143,-7.92734256746,2.6872042352
0.325,0.63095734448,1.61958472174,0.292011611657,-8.22677922473,3.22624274873
0.325,0.794328234724,1.56246727133,0.227666427355,-8.52751682289,3.86826069342
0.325,1.0,1.51721197753,0.153460476468,-8.78187500416,4.66477717679
0.325,1.25892541179,1.4922854828,0.0850877419778,-8.9285636663,5.71467450082
0.325,1.58489319246,1.49203112175,0.0840873582532,-8.93008580536,0.884154598811
0.325,1.99526231497,1.49787079245,0.104602939088,-8.89527054577,2.77774134327
0.325,2.51188643151,1.48690122646,0.060374146564,-8.9608951182,5.00434616302
0.325,3.16227766017,1.4861004423,0.0557509323585,-8.96572369015,1.6194628288
0.325,3.98107170553,1.48340868837,0.0360450653913,-8.98199265378,5.24428887291
0.325,5.01187233627,1.48417995878,0.0426409808848,-8.97732506265,3.58106878305
0.325,6.3095734448,1.48326116182,0.034640485771,-8.9828860112,3.07692100761
0.325,7.94328234724,1.48244046887,0.0254371591882,-8.98785902116,4.06785421043
0.325,10.0,1.4817372422,0.0131453089996,-8.99212462374,0.657227887478
0.325,12.5892541179,1.48161649934,0.00955893284241,-8.99285742798,5.92381892327
0.325,15.8489319246,1.48166984072,0.0112886841389,-8.99253367743,1.62430292754
0.325,19.9526231497,1.48156610601,0.00758339489878,-8.99316330703,1.08105220368
0.325,25.1188643151,1.48153105091,0.005826380271,-8.99337609787,5.28291909431
0.325,31.6227766017,1.48155141178,0.00691525354562,-8.99325250241,2.89330851989
0.325,39.8107170553,1.48151186495,0.00461394801037,-8.9934925644,1.72752217009
0.325,50.1187233627,1.48150672596,0.00424514410018,-8.99352376065,3.74346722122
0.325,63.095734448,1.48148870246,0.00247230401274,-8.99363317406,5.09979327434
0.325,79.4328234724,1.48148995124,0.00269789946161,-8.99362559314,2.60478014163
0.325,100.0,1.48148059978,0.00117133040334,-8.99368236304,0.132770387868
0.35,0.1,2.13880819021,0.529803871676,-5.99889498278,0.621347882233
0.35,0.1,2.13880819021,0.529803871676,-5.99889498278,0.621347882233
0.35,0.125892541179,2.12358586448,0.524915219315,-6.04189636785,0.777385690612
0.35,0.158489319246,2.10090159089,0.517410534352,-6.10713313612,0.969496487274
0.35,0.199526231497,2.06812896601,0.50607260306,-6.2039098781,1.20360486662
0.35,0.251188643151,2.02278276329,0.489319058818,-6.34298746968,1.48517793382
0.35,0.316227766017,1.96351836553,0.465271035996,-6.53443631935,1.81883948761
0.35,0.398107170553,1.89135095795,0.431949784771,-6.78376779702,2.20878661704
0.35,0.501187233627,1.81040540448,0.387571403485,-7.08707877787,2.66077515552
0.35,0.63095734448,1.72757962307,0.330862473263,-7.42685636604,3.18623070641
0.35,0.794328234724,1.65137513276,0.261487107263,-7.76957668001,3.80913623297
0.35,1.0,1.59096961982,0.181669593448,-8.06456990852,4.57791468203
0.35,1.25892541179,1.55598341933,0.106117812521,-8.24590131363,5.5862477133
0.35,1.58489319246,1.55238584471,0.0947082040127,-8.26501076722,0.700429303609
0.35,1.99526231497,1.56068967198,0.119342127621,-8.22103583548,2.5500556362
0.35,2.51188643151,1.54786372561,0.0779380934438,-8.28915718427,4.72479981527
0.35,3.16227766017,1.54393843536,0.0595601956848,-8.31023143641,1.23456168392
0.35,3.98107170553,1.54402247056,0.0497939642997,-8.30043050784,4.80301947246
0.35,5.01187233627,1.5424492824,0.0508471470477,-8.31825452403,2.98276971239
0.35,6.3095734448,1.5407410291,0.0384655850154,-8.32747715488,2.31142742822
0.35,7.94328234724,1.54007463223,0.0323662422715,-8.33108048981,3.11270529394
0.35,10.0,1.53883727173,0.0156323585497,-8.3377794112,5.72628874903
0.35,12.5892541179,1.53895091983,0.0178397108557,-8.33716368477,4.40525135316
0.35,15.8489319246,1.53859872735,0.00945999458012,-8.33907210071,5.97395329721
0.35,19.9526231497,1.53861088086,0.00987288273554,-8.33900623027,4.93875913132
0.35,25.1188643151,1.53860264079,0.00960338760203,-8.33905089025,2.23183031329
0.35,31.6227766017,1.53850837388,0.00557630483863,-8.33956183745,5.3231150246
0.35,39.8107170553,1.53852511299,0.00649218678664,-8.33947110327,3.16784047485
0.35,50.1187233627,1.53849678303,0.00489371546691,-8.33962466671,3.92616250461
0.35,63.095734448,1.53848398521,0.00398766657272,-8.33969403957,3.70476056452
0.35,79.4328234724,1.53846586511,0.00211314803784,-8.33979226473,5.49973044281
0.35,100.0,1.5384621379,0.00157265522612,-8.33981246946,0.525993831834
0.375,0.1,2.45598729537,0.590364999501,-5.0232366937,0.620862570164
0.375,0.1,2.45598729537,0.590364999501,-5.0232366937,0.620862570164
0.375,0.125892541179,2.43216064205,0.584934797634,-5.07244681461,0.7764505582
0.375,0.158489319246,2.39693881314,0.576612451651,-5.14698390871,0.967726523503
0.375,0.199526231497,2.34663824184,0.564068756348,-5.25731034353,1.20033809777
0.375,0.251188643151,2.27813709714,0.545593045118,-5.41539203977,1.47934750305
0.375,0.316227766017,2.19043262549,0.519182716774,-5.63222322285,1.80885569582
0.375,0.398107170553,2.08623094348,0.482769816475,-5.91353777967,2.19246433038
0.375,0.501187233627,1.97245003619,0.434541253965,-6.25466058709,2.63528073417
0.375,0.63095734448,1.85900360198,0.373261159338,-6.63635373713,3.14789334866
0.375,0.794328234724,1.75672089735,0.2986840955,-7.0227464818,3.75282401935
0.375,1.0,1.67612516859,0.213113516599,-7.36043210408,4.49554941205
0.375,1.25892541179,1.62769244003,0.130435168192,-7.57944510768,5.46445643393
0.375,1.58489319246,1.61883558907,0.107867038561,-7.62091319504,0.523753539182
0.375,1.99526231497,1.62973670097,0.135079083946,-7.56993782738,2.3266716524
0.375,2.51188643151,1.61545904942,0.0978238070058,-7.63684198975,4.45494738947
0.375,3.16227766017,1.60664518493,0.0643127125019,-7.6787367971,0.86004982068
0.375,3.98107170553,1.60692092115,0.0656279530735,-7.67741918034,4.33227534723
0.375,5.01187233627,1.60526201306,0.0572545201747,-7.6853531704,2.39142958803
0.375,6.3095734448,1.60250932613,0.0395728073796,-7.69855457324,1.55617388821
0.375,7.94328234724,1.60200858072,0.0354112383772,-7.70096093729,2.16773449873
0.375,10.0,1.60106170121,0.025755377816,-7.70551534149,4.55184943146
0.375,12.5892541179,1.60092142895,0.0239965767634,-7.70619049649,2.91656033964
0.375,15.8489319246,1.60050474902,0.0177683168183,-7.70819674787,4.10053622844
0.375,19.9526231497,1.60035238749,0.0148535991438,-7.70893060667,2.57110450878
0.375,25.1188643151,1.60010529501,0.00814577441878,-7.71012104003,5.5189352445
0.375,31.6227766017,1.60010002588,0.00795041177215,-7.71014642949,1.56000184542
0.375,39.8107170553,1.60006238665,0.00631416556469,-7.71032779988,4.70743582195
0.375,50.1187233627,1.60004690439,0.00551571128689,-7.71040240603,4.23989020359
0.375,63.095734448,1.60003244036,0.00465511420802,-7.71047210678,2.47293725042
0.375,79.4328234724,1.60001832039,0.00363419608954,-7.71054015081,2.32370199291
0.375,100.0,1.60000482304,0.00228759736552,-7.71060519552,1.18155779413
0.4,0.1,2.92552960266,0.655974527402,-4.04833547763,0.620378883925
0.4,0.1,2.92552960266,0.655974527402,-4.04833547763,0.620378883925
0.4,0.125892541179,2.88574245186,0.649959908289,-4.1041518704,0.775520214985
0.4,0.158489319246,2.82758763341,0.640756899859,-4.18856170587,0.96597017263
0.4,0.199526231497,2.74586294556,0.626918076886,-4.31322521048,1.19710811185
0.4,0.251188643151,2.63697474377,0.606599209304,-4.49133057086,1.4736099783
0.4,0.316227766017,2.50139352003,0.577671822855,-4.73477091329,1.79908785618
0.4,0.398107170553,2.34551517929,0.53798146662,-5.04943450627,2.17659937464
0.4,0.501187233627,2.18121071775,0.485693706207,-5.42979418949,2.61066875219
0.4,0.63095734448,2.02285718049,0.419622314996,-5.85484995953,3.11112571957
0.4,0.794328234724,1.88397811781,0.339627931098,-6.28644524549,3.69914004408
0.4,1.0,1.77599667603,0.248112521976,-6.66866410345,4.41740995966
0.4,1.25892541179,1.70949400587,0.158280326693,-6.92808821829,5.34907325719
0.4,1.58489319246,1.69276776491,0.124174127187,-6.99654466894,0.354522113483
0.4,1.99526231497,1.70611193108,0.152052663317,-6.941821967,2.10791608294
0.4,2.51188643151,1.69103328476,0.12003899039,-7.0037209723,4.19391125384
0.4,3.16227766017,1.67523018548,0.0714976279082,-7.06978980199,0.497977217306
0.4,3.98107170553,1.67807562835,0.0824555571812,-7.05780185421,3.89455036142
0.4,5.01187233627,1.67308237721,0.0619255568218,-7.0788655972,1.80828335387
0.4,6.3095734448,1.66934029964,0.0400218542688,-7.09473394001,0.817593684698
0.4,7.94328234724,1.6687294521,0.0351613743003,-7.09733100616,1.23684502521
0.4,10.0,1.66875045044,0.0353402850445,-7.09724169854,3.40370657759
0.4,12.5892541179,1.66757432538,0.023336446997,-7.10224731879,1.44469943729
0.4,15.8489319246,1.6674268916,0.0213609535029,-7.10287529906,2.25911581485
0.4,19.9526231497,1.6670918516,0.0116936734864,-7.10345891103,0.246788779112
0.4,25.1188643151,1.66699082392,0.0139657809643,-7.10473333828,2.60302595749
0.4,31.6227766017,1.66684868075,0.0104851184294,-7.10533920572,4.16335415197
0.4,39.8107170553,1.66672128617,0.00580566070113,-7.10588229691,0.0679444255697
0.4,50.1187233627,1.66672547479,0.0060385968987,-7.10586443927,4.68453113581
0.4,63.095734448,1.66669973229,0.00461824121431,-7.10597419068,1.40467272108
0.4,79.4328234724,1.66667961947,0.00310573515177,-7.10605994273,5.63462851082
0.4,100.0,1.66668105891,0.00331589428678,-7.10605380554,2.09962033222
0.425,0.1,3.69204582837,0.72729093238,-3.07418856343,0.619896813046
0.425,0.1,3.69204582837,0.72729093238,-3.07418856343,0.619896813046
0.425,0.125892541179,3.61811500133,0.720643416527,-3.13700505845,0.774594617774
0.425,0.158489319246,3.51193214644,0.710488452324,-3.23185203699,0.964227251289
0.425,0.199526231497,3.36634384274,0.695253239959,-3.3716238125,1.19391418755
0.425,0.251188643151,3.17862326965,0.672953762789,-3.57074245622,1.46796281706
0.425,0.316227766017,2.95422568772,0.641332618138,-3.84196952468,1.78952809385
0.425,0.398107170553,2.70801663042,0.598150848217,-4.19127598175,2.16117069641
0.425,0.501187233627,2.46087294423,0.541559965559,-4.61220279082,2.58689075862
0.425,0.63095734448,2.23340301386,0.470435101351,-5.08195117083,3.07583077929
0.425,0.794328234724,2.04132621518,0.384758309402,-5.56013290618,3.64791254095
0.425,1.0,1.89529891439,0.287050220642,-5.98852506857,4.34323191528
0.425,1.25892541179,1.8042337705,0.189957019197,-6.29078406958,5.23982371927
0.425,1.58489319246,1.7760560873,0.144190311414,-6.39058931888,0.192977355483
0.425,1.99526231497,1.79126903902,0.170608077799,-6.33631510064,1.89425537401
0.425,2.51188643151,1.77629878846,0.144653577393,-6.38971615306,3.94083676281
0.425,3.16227766017,1.75109007893,0.0826431973426,-6.48170256791,0.149937595386
0.425,3.98107170553,1.75668593784,0.0999681127662,-6.46105534108,3.46597460644
0.425,5.01187233627,1.74672518696,0.0659402280122,-6.49789969593,1.23700572728
0.425,6.3095734448,1.74494761324,0.0444474448369,-6.4956665076,0.127401265535
0.425,7.94328234724,1.74140734067,0.0361620953856,-6.51774274529,0.330903488552
0.425,10.0,1.74191569618,0.0399900347986,-6.51584062659,2.26913562227
0.425,12.5892541179,1.74002196775,0.0226423711387,-6.52293205006,0.00774234995395
0.425,15.8489319246,1.73973426222,0.0186404854197,-6.52401076861,0.446471699226
0.425,19.9526231497,1.73978540143,0.0194154451141,-6.52381900202,4.26277199974
0.425,25.1188643151,1.73936072263,0.0115336724342,-6.52541184448,6.019265951
0.425,31.6227766017,1.7392864656,0.00951293592556,-6.52569044014,0.55892919188
0.425,39.8107170553,1.73928620528,0.00951613883789,-6.52569141687,1.82346880264
0.425,50.1187233627,1.73920131027,0.00648131179937,-6.52600995308,5.26020451337
0.425,63.095734448,1.73916660211,0.00473095075502,-6.5261401912,0.502088600557
0.425,79.4328234724,1.7391759003,0.00530554497464,-6.52610530038,2.87573454926
0.425,100.0,1.73915713232,0.00422811620601,-6.52617572634,3.27922696245
0.45,0.1,5.16784085362,0.805092416291,-2.10079318398,0.61941634807
0.45,0.1,5.16784085362,0.805092416291,-2.10079318398,0.61941634807
0.45,0.125892541179,5.00072086907,0.797756890539,-2.17099996689,0.773673723847
0.45,0.158489319246,4.76825859492,0.786568879702,-2.27684061698,0.962497579478
0.45,0.199526231497,4.46317436527,0.769821967706,-2.43247607033,1.19075562455
0.45,0.251188643151,4.09130690511,0.745384983049,-2.65356891893,1.46240357289
0.45,0.316227766017,3.67556481023,0.710867551768,-2.95371334794,1.78016892918
0.45,0.398107170553,3.25155014377,0.663947401352,-3.33888894871,2.14615854576
0.45,0.501187233627,2.85576924477,0.602768846188,-3.8016253803,2.56390175398
0.45,0.63095734448,2.51467175051,0.526279892522,-4.31728906128,3.04191879724
0.45,0.794328234724,2.24156007359,0.434599373652,-4.8433075558,3.59898165527
0.45,1.0,2.0409652058,0.330387524518,-5.31932872268,4.27276117766
0.45,1.25892541179,1.91590243658,0.225842932208,-5.66655411775,5.13640350134
0.45,1.58489319246,1.87126912395,0.168433112371,-5.80171216543,0.0392135199307
0.45,1.99526231497,1.88717704513,0.191206855058,-5.75280674869,1.68624333129
0.45,2.51188643151,1.8734821729,0.17180648846,-5.79485889872,3.69495980222
0.45,3.16227766017,1.83612862177,0.0988652526632,-5.91274745815,6.10005483303
0.45,3.98107170553,1.84852295397,0.118515165737,-5.8589970723,3.06793169481
0.45,5.01187233627,1.82755211834,0.0716055840699,-5.94049533922,0.682374674419
0.45,6.3095734448,1.82383078198,0.0556548654643,-5.95261629998,5.69959524091
0.45,7.94328234724,1.82183182068,0.0447624934487,-5.95914766553,5.7418511014
0.45,10.0,1.82113687417,0.0402852594024,-5.9614216785,1.15146739989
0.45,12.5892541179,1.82014679841,0.0328618078053,-5.96466441646,4.90606624049
0.45,15.8489319246,1.81940519746,0.0259387747092,-5.96709565102,4.97747648023
0.45,19.9526231497,1.81917834507,0.0234160986753,-5.96783975065,2.04808612437
0.45,25.1188643151,1.81890191042,0.0199138818789,-5.96874673616,3.23920761405
0.45,31.6227766017,1.81863459382,0.0158053469442,-5.96962406748,3.33478894398
0.45,39.8107170553,1.8184578598,0.0123638118562,-5.97020424899,3.68183206755
0.45,50.1187233627,1.81827438424,0.00722913710895,-5.97080668093,5.96761901105
0.45,63.095734448,1.81823814281,0.0057169524753,-5.97092569206,6.04937114963
0.45,79.4328234724,1.81821593666,0.00457291097141,-5.97099861591,0.318745855412
0.45,100.0,1.81821135605,0.00435380444726,-5.97101365861,4.71876531709
0.475,0.1,9.18593798934,0.890305409954,-1.12814659027,0.618937479592
0.475,0.1,9.18593798934,0.890305409954,-1.12814659027,0.618937479592
0.475,0.125892541179,8.59201159763,0.882218869585,-1.2061301947,0.772757491831
0.475,0.158489319246,7.82998135514,0.869905058306,-1.32351332029,0.960780980784
0.475,0.199526231497,6.92834144718,0.851514407616,-1.49575258381,1.18763174041
0.475,0.251188643151,5.95664200717,0.824759911832,-1.73975280177,1.45692989277
0.475,0.316227766017,5.00656115194,0.78711299277,-2.06990073758,1.77100325266
0.475,0.398107170553,4.15836042037,0.736168466984,-2.4921083248,2.13154437734
0.475,0.501187233627,3.45687860838,0.670069923167,-2.99781560047,2.54165990224
0.475,0.63095734448,2.91055464111,0.587849799909,-3.5605188354,3.00930677483
0.475,0.794328234724,2.50588267308,0.489779394095,-4.13550272423,3.55219894775
0.475,1.0,2.22362759139,0.3786804593,-4.66044074164,4.20575605601
0.475,1.25892541179,2.0502726215,0.266404621809,-5.05449105278,5.03849247051
0.475,1.58489319246,1.98199999982,0.197407729405,-5.22859970842,6.17637756931
0.475,1.99526231497,1.99656630175,0.214432244709,-5.19045353618,1.48446284032
0.475,2.51188643151,1.98555477237,0.201718565499,-5.21923885725,3.45565231419
0.475,3.16227766017,1.9329328751,0.120724016258,-5.36132669408,5.78221206837
0.475,3.98107170553,1.94072339862,0.136125100534,-5.33980505853,2.63101517405
0.475,5.01187233627,1.91762372477,0.0818980769856,-5.40412829028,0.14854286249
0.475,6.3095734448,1.91526632634,0.0740590175246,-5.41077994148,5.04055043252
0.475,7.94328234724,1.91194914871,0.0613133873576,-5.42016749146,4.90357194337
0.475,10.0,1.9083521314,0.0433773820153,-5.43038386397,0.0666953890785
0.475,12.5892541179,1.90883637488,0.0462047144447,-5.42900625614,3.56054697692
0.475,15.8489319246,1.90956998457,0.0373697908836,-5.42082396782,3.30893270721
0.475,19.9526231497,1.90570043073,0.0222047622913,-5.43794001094,6.15859161824
0.475,25.1188643151,1.90539000389,0.0181756754893,-5.43882596212,0.504031093816
0.475,31.6227766017,1.90513814345,0.0140852938865,-5.43954497829,6.1769053247
0.475,39.8107170553,1.90501645975,0.0116089303494,-5.43989243143,5.63664737762
0.475,50.1187233627,1.90491869602,0.00915171112434,-5.44017161615,0.524941450114
0.475,63.095734448,1.90486494809,0.00747806753718,-5.44032511675,5.47988696814
0.475,79.4328234724,1.90485176481,0.0070347511924,-5.44036276869,4.2590777925
0.475,100.0,1.90479451342,0.00447599358115,-5.44052628676,0.137014785157
0.5,0.1,63.1670644491,0.984041630372,-0.156246051438,0.618460198259
0.5,0.1,63.1670644491,0.984041630372,-0.156246051438,0.618460198259
0.5,0.125892541179,40.7179510607,0.975131588566,-0.242389514796,0.771845878539
0.5,0.158489319246,26.5414409378,0.961585223058,-0.37185638957,0.959077279828
0.5,0.199526231497,17.5795727525,0.941398742778,-0.561424588644,1.18454187171
0.5,0.251188643151,11.9020076579,0.912119029537,-0.829238619631,1.45153951122
0.5,0.316227766017,8.29076283119,0.871072715527,-1.19043381195,1.7620243023
0.5,0.398107170553,5.9787641949,0.815771237361,-1.65077666209,2.117310759
0.5,0.501187233627,4.4850815018,0.744363639288,-2.20054070302,2.52012626893
0.5,0.63095734448,3.51066882712,0.655978652615,-2.8113174119,2.97791790204
0.5,0.794328234724,2.87217303519,0.551056379978,-3.43628475032,3.50742679636
0.5,1.0,2.46046533335,0.432603337784,-4.01127553692,4.1419884634
0.5,1.25892541179,2.21601674338,0.312217500378,-4.45375894861,4.94576559955
0.5,1.58489319246,2.11340980596,0.231650690652,-4.66999082395,6.03794985726
0.5,1.99526231497,2.12331503162,0.240991085406,-4.64820540246,1.28946937717
0.5,2.51188643151,2.11660145086,0.23471058114,-4.6629488972,3.22244815054
0.5,3.16227766017,2.04505408775,0.148427868478,-4.82608477702,5.47926074272
0.5,3.98107170553,2.04922433442,0.154987287642,-4.81626351752,2.2245074952
0.5,5.01187233627,2.01981422597,0.0990457719889,-4.8863921613,5.92096856951
0.5,6.3095734448,2.01896272651,0.0969148637415,-4.88845300189,4.4047917326
0.5,7.94328234724,2.01338050415,0.0815230956792,-4.90200654112,4.0920819999
0.5,10.0,2.00642842401,0.0566056433671,-4.91899151895,5.30845521196
0.5,12.5892541179,2.00579684837,0.0537625748703,-4.92054038728,2.23382644757
0.5,15.8489319246,2.00324142928,0.0402314620153,-4.92681723573,1.59442460708
0.5,19.9526231497,2.00231058121,0.0339788179384,-4.92910764878,4.06255728827
0.5,25.1188643151,2.00144880648,0.0269192790136,-4.93123000155,4.1383669535
0.5,31.6227766017,2.00100859474,0.0224727098595,-4.93231484714,2.83827483641
0.5,39.8107170553,2.00049837053,0.0158228711285,-4.93357282689,1.42184397623
0.5,50.1187233627,2.0003193422,0.0126969411884,-4.93401438104,1.4995162398
0.5,63.095734448,2.00018347818,0.00967995754379,-4.9343495278,5.07627285837
0.5,79.4328234724,2.0001424664,0.00858580801616,-4.93445070383,2.12224081277
0.5,100.0,2.00008643938,0.0068087914736,-4.93458892914,2.10433970839
0.525,0.1,inf,1.08764684023,0.814911145042,0.61798449478
0.525,0.1,inf,1.08764684023,0.814911145042,0.61798449478
0.525,0.125892541179,inf,1.07782933963,0.720228298446,0.770938843086
0.525,0.158489319246,inf,1.0629267281,0.578143857612,0.957386307016
0.525,0.199526231497,inf,1.04076805623,0.370536176577,1.18148537359
0.525,0.251188643151,inf,1.00872190248,0.0780275561134,1.44623024742
0.525,0.316227766017,29.7448658309,0.963961948282,-0.315218237471,1.75322564105
0.525,0.398107170553,11.5080648121,0.903914781415,-0.814743776135,2.10344129198
0.525,0.501187233627,6.65171201446,0.82674092623,-1.40958059529,2.49926458318
0.525,0.63095734448,4.53088134379,0.731677800541,-2.06938197441,2.94768106237
0.525,0.794328234724,3.41539870327,0.619351816743,-2.74525026084,3.46453774464
0.525,1.0,2.78116576517,0.492979249632,-3.37129282205,4.08124443517
0.525,1.25892541179,2.4267899749,0.363992592452,-3.86359111336,4.85790111145
0.525,1.58489319246,2.27316621516,0.271777700548,-4.12469801746,5.90688025432
0.525,1.99526231497,2.27308332781,0.271715585628,-4.12484842342,1.101743295
0.525,2.51188643151,2.2724324328,0.271227005901,-4.12602990773,2.99505192205
0.525,3.16227766017,2.17747594786,0.182108781604,-4.30595993046,5.19043965263
0.525,3.98107170553,2.17189640936,0.175156683111,-4.31702181589,1.82688950617
0.525,5.01187233627,2.13796094814,0.123669116387,-4.38554510979,5.43335124324
0.525,6.3095734448,2.13709040875,0.122036777231,-4.38733155258,3.78676097655
0.525,7.94328234724,2.12726797832,0.101707472801,-4.40758958279,3.29833123997
0.525,10.0,2.11783516789,0.0770491290085,-4.42722092975,4.30529553688
0.525,12.5892541179,2.11202680538,0.0565936292375,-4.43939639267,0.929823835952
0.525,15.8489319246,2.10911399006,0.0427354603035,-4.44552747041,6.23872139097
0.525,19.9526231497,2.10874075593,0.0406175097251,-4.44631430141,2.00721175381
0.525,25.1188643151,2.1072826016,0.0309701299301,-4.44939097107,1.54469317998
0.525,31.6227766017,2.10628645791,0.02206559633,-4.45149525879,5.84757007266
0.525,39.8107170553,2.10622285436,0.0213770424946,-4.45162968468,3.59717756519
0.525,50.1187233627,2.10586724127,0.0169867607548,-4.45238142143,2.60673348055
0.525,63.095734448,2.10557262275,0.0122112403909,-4.45300441302,4.83824147998
0.525,79.4328234724,2.10541966411,0.00877712124481,-4.45332792358,0.19048898534
0.525,100.0,2.10539509143,0.0081290569057,-4.45337989967,4.33133422926
0.55,0.1,inf,1.20276586322,1.78532771855,0.617510360084
0.55,0.1,inf,1.20276586322,1.78532771855,0.617510360084
0.55,0.125892541179,inf,1.19194292511,1.68172941441,0.770036345085
0.55,0.158489319246,inf,1.17553967345,1.52650089897,0.955707895574
0.55,0.199526231497,inf,1.15120279365,1.30015742257,1.17846161719
0.55,0.251188643151,inf,1.11610804919,0.982098253787,1.44099999861
0.55,0.316227766017,inf,1.0672660827,0.555836788959,1.74460114093
0.55,0.398107170553,inf,1.002016107,0.0161337720186,2.0899205344
0.55,0.501187233627,14.2184417703,0.91853604048,-0.624726964071,2.47904102159
0.55,0.63095734448,6.65651709595,0.816185285342,-1.33442817512,2.9185303562
0.55,0.794328234724,4.30773133155,0.695795707228,-2.06202366798,3.42341382135
0.55,1.0,3.2418477307,0.560820721344,-2.73999419432,4.0233241604
0.55,1.25892541179,2.70541236125,0.422612488942,-3.28328652897,4.77458628252
0.55,1.58489319246,2.47315796507,0.318533724022,-3.59162014171,5.78287056005
0.55,1.99526231497,2.45440807411,0.307570445233,-3.61905750502,0.921655677449
0.55,2.51188643151,2.46164314787,0.31186645029,-3.60842064728,2.77333308719
0.55,3.16227766017,2.33742338546,0.222003647613,-3.80018614352,4.91472929036
0.55,3.98107170553,2.31270904425,0.197802978686,-3.84079613607,1.44020494892
0.55,5.01187233627,2.27715858761,0.155322598687,-3.90075772908,4.96719006604
0.55,6.3095734448,2.2720039608,0.148024107856,-3.9096076038,3.18180293843
0.55,7.94328234724,2.25469418123,0.120009113768,-3.93962251507,2.5169941118
0.55,10.0,2.24383380639,0.0981421165898,-3.95869067293,3.32677979857
0.55,12.5892541179,2.23188821373,0.0658125475283,-3.97987852005,5.95436141455
0.55,15.8489319246,2.22987816624,0.058599477781,-3.98346604557,4.66519974477
0.55,19.9526231497,2.22627055881,0.0426514254607,-3.98992113777,6.27799405995
0.55,25.1188643151,2.22504693316,0.0356425498654,-3.99211532512,5.30116547602
0.55,31.6227766017,2.22458748085,0.0326248116891,-3.99293983151,2.67735203322
0.55,39.8107170553,2.22328891653,0.0219370646595,-3.99527200218,5.86585453871
0.55,50.1187233627,2.22314502474,0.0204184469512,-3.99553059388,3.84280537762
0.55,63.095734448,2.2227262928,0.0151363412388,-3.99628329846,4.76579408417
0.55,79.4328234724,2.2225385005,0.0120521072297,-3.99662096246,4.75557079957
0.55,100.0,2.2223885195,0.00886228783069,-3.99689068002,0.535532783185
0.575,0.1,inf,1.33143053912,2.75500636252,0.617037784778
0.575,0.1,inf,1.33143053912,2.75500636252,0.617037784778
0.575,0.125892541179,inf,1.31948686553,2.64211993992,0.769138344578
0.575,0.158489319246,inf,1.30141302425,2.47322816873,0.954041881009
0.575,0.199526231497,inf,1.27465525546,2.2274660954,1.17546999209
0.575,0.251188643151,inf,1.23617924121,1.88302436205,1.43584674189
0.575,0.316227766017,inf,1.18282016225,1.42281898356,1.73614495638
0.575,0.398107170553,inf,1.11182599373,0.841993041179,2.07673393419
0.575,0.501187233627,inf,1.0213980674,0.1542176228,2.45942400504
0.575,0.63095734448,13.8391909063,0.911032306277,-0.606188887611,2.89040467622
0.575,0.794328234724,6.0516735906,0.781787480583,-1.38625515989,3.3839458772
0.575,1.0,3.96291078995,0.637384795495,-2.11691965466,3.96804167245
0.575,1.25892541179,3.09311498997,0.489180176145,-2.71220558179,4.69552135688
0.575,1.58489319246,2.73285103654,0.372848467744,-3.06974790384,5.66558097412
0.575,1.99526231497,2.68071368347,0.349672219516,-3.12945160561,0.749449686654
0.575,2.51188643151,2.69755260345,0.357420936984,-3.10991664452,2.55730759084
0.575,3.16227766017,2.53582124286,0.268549371321,-3.30826305858,4.65099737622
0.575,3.98107170553,2.47787855536,0.224546716154,-3.38562344905,1.06667157251
0.575,5.01187233627,2.44433803709,0.193368596396,-3.4320800207,4.51981544051
0.575,6.3095734448,2.42673320173,0.174379405672,-3.45697818571,2.58775370484
0.575,7.94328234724,2.39787374564,0.136889651706,-3.49858442555,1.74951786614
0.575,10.0,2.38517091978,0.11624497388,-3.51721701425,2.36372034739
0.575,12.5892541179,2.37112256873,0.0875688446708,-3.53805570895,4.749378115
0.575,15.8489319246,2.37693135675,0.0782537486611,-3.51531172139,3.190564408
0.575,19.9526231497,2.36121984833,0.0592187802106,-3.55289396151,4.34441940931
0.575,25.1188643151,2.3588314347,0.0499808551863,-3.55649141245,2.85739102522
0.575,31.6227766017,2.35573204738,0.0344376869313,-3.56117061371,5.85490865933
0.575,39.8107170553,2.35516027055,0.0307212496781,-3.56203518114,1.97082349764
0.575,50.1187233627,2.35415527709,0.0227534419867,-3.56355582088,5.20717992327
0.575,63.095734448,2.35375047149,0.0186111408855,-3.56416869271,4.85909892863
0.575,79.4328234724,2.35354454356,0.0161117250789,-3.56448054653,3.24670434867
0.575,100.0,2.35331742569,0.0128043144005,-3.56482455335,3.29079687544
0.6,0.1,inf,1.4761806609,3.72394969286,0.616566759529
0.6,0.1,inf,1.4761806609,3.72394969286,0.616566759529
0.6,0.125892541179,inf,1.46297932153,3.60140600958,0.768244801858
0.6,0.158489319246,inf,1.44303294879,3.41833857922,0.952388101988
0.6,0.199526231497,inf,1.41356585173,3.15248879303,1.17250990364
0.6,0.251188643151,inf,1.37131276329,2.78085563473,1.43076852174
0.6,0.316227766017,inf,1.31291809713,2.28581280849,1.72785151933
0.6,0.398107170553,inf,1.23553328861,1.66296521404,2.06386775636
0.6,0.501187233627,inf,1.13738921342,0.927440336067,2.44038402579
0.6,0.63095734448,inf,1.01813466825,0.115587132713,2.86324730996
0.6,0.794328234724,11.0026199546,0.879079857332,-0.717618490275,3.34603292208
0.6,1.0,5.25802345765,0.724248697629,-1.5016447881,3.915224341
0.6,1.25892541179,3.67281239458,0.565086481391,-2.14976499549,4.62042197102
0.6,1.58489319246,3.08646442886,0.435903383097,-2.55816443146,5.55464781512
0.6,1.99526231497,2.97429085821,0.399328880482,-2.65464404702,0.585236587062
0.6,2.51188643151,3.00199814029,0.408927128496,-2.63014270892,2.34710962573
0.6,3.16227766017,2.79008427638,0.322443504188,-2.82990861161,4.39810873305
0.6,3.98107170553,2.67731381443,0.257348729094,-2.94910648065,0.708233151576
0.6,5.01187233627,2.64935406401,0.23743193809,-2.9802296447,4.0883192126
0.6,6.3095734448,2.60605669303,0.201733597644,-3.02974357465,2.00557443312
0.6,7.94328234724,2.561994029,0.155556598918,-3.08185086752,1.00312868814
0.6,10.0,2.54459003972,0.1323776973,-3.10292950834,1.41918038441
0.6,12.5892541179,2.53324196067,0.114554703826,-3.11682959759,3.58333850263
0.6,15.8489319246,2.52014274832,0.0894054966397,-3.13303027225,1.63202450425
0.6,19.9526231497,2.51429500412,0.0754075377665,-3.14031707017,2.45922815048
0.6,25.1188643151,2.50738007407,0.054262156219,-3.14897753338,0.457588647652
0.6,31.6227766017,2.50604020348,0.0491081935137,-3.15066115456,2.8558503263
0.6,39.8107170553,2.50350769916,0.037454586724,-3.15384830793,4.45850835707
0.6,50.1187233627,2.50192807174,0.0277995614164,-3.15583953434,0.424046790037
0.6,63.095734448,2.50130270588,0.0228820279271,-3.15662854492,5.11846362871
0.6,79.4328234724,2.50091441263,0.0192135297716,-3.15711864468,1.94312007248
0.6,100.0,2.500473801,0.0139273512673,-3.15767496452,0.0185491330745
0.625,0.1,inf,1.64023330566,4.69216035344,0.616097275486
0.625,0.1,inf,1.64023330566,4.69216035344,0.616097275486
0.625,0.125892541179,inf,1.62560994901,4.55959358451,0.767355677178
0.625,0.158489319246,inf,1.60354861741,4.36184501648,0.950746401536
0.625,0.199526231497,inf,1.57102579446,4.07525172883,1.16958076875
0.625,0.251188643151,inf,1.52451984887,3.6756402383,1.4257634583
0.625,0.316227766017,inf,1.46046564782,3.14489986723,1.71971551272
0.625,0.398107170553,inf,1.37591087151,2.47917572702,2.05130904017
0.625,0.501187233627,inf,1.26912244517,1.69511877595,2.42189348645
0.625,0.63095734448,inf,1.13992081185,0.831136404231,2.83700557955
0.625,0.794328234724,132.634199848,0.989896245891,-0.0558091601511,3.30958150558
0.625,1.0,8.28193073072,0.823415993142,-0.893777494825,3.86471219852
0.625,1.25892541179,4.63961874533,0.652104403684,-1.59543352744,4.54902050756
0.625,1.58489319246,3.60021949849,0.509219453787,-2.05604222296,5.44969764697
0.625,1.99526231497,3.37493825932,0.458107121666,-2.19328554541,0.429003456467
0.625,2.51188643151,3.41344875844,0.467735479091,-2.16854091702,2.14295680061
0.625,3.16227766017,3.12988953717,0.384707477109,-2.36500464726,4.15499991518
0.625,3.98107170553,2.92725822225,0.298366426177,-2.52871552108,0.366239258073
0.625,5.01187233627,2.90705261014,0.287560016949,-2.54629148265,3.67011896667
0.625,6.3095734448,2.8184396296,0.232056530121,-2.62634800585,1.43883827645
0.625,7.94328234724,2.75718180035,0.18118818459,-2.68469902851,0.286316449144
0.625,10.0,2.7301566345,0.152497376016,-2.71127422041,0.50550206597
0.625,12.5892541179,2.71944041947,0.139307607067,-2.72195825576,2.43957425758
0.625,15.8489319246,2.69494147305,0.102432844426,-2.74670280406,0.169642944015
0.625,19.9526231497,2.68595235309,0.0847411524436,-2.75589523854,0.610269343677
0.625,25.1188643151,2.68069461933,0.0723469613304,-2.76130046573,4.43214760953
0.625,31.6227766017,2.6746181307,0.0545378973499,-2.76757388872,6.20271742975
0.625,39.8107170553,2.67200191921,0.0447052019767,-2.77028367667,0.7661586548
0.625,50.1187233627,2.67055048209,0.0381661494936,-2.77178931851,2.06455249617
0.625,63.095734448,2.66881075012,0.0283964406896,-2.77359617968,5.54449913945
0.625,79.4328234724,2.66804698906,0.022828459665,-2.77439015549,0.847849839532
0.625,100.0,2.66769579122,0.0197633909626,-2.77475539947,3.30007679689
0.65,0.1,inf,1.82772471533,5.65964097048,0.615629323839
0.65,0.1,inf,1.82772471533,5.65964097048,0.615629323839
0.65,0.125892541179,inf,1.81147972797,5.51668850622,0.766470932408
0.65,0.158489319246,inf,1.78700897165,5.30376023406,0.949116625145
0.65,0.199526231497,inf,1.75100945264,4.99578016516,1.16668202661
0.65,0.251188643151,inf,1.69967214902,4.56742523306,1.42082973425
0.65,0.316227766017,inf,1.62919892524,4.00015897852,1.71173185916
0.65,0.398107170553,inf,1.53652423245,3.29074470905,2.03904554104
0.65,0.501187233627,inf,1.41995813123,2.45742166437,2.40392654758
0.65,0.63095734448,inf,1.27951473856,1.54068181952,2.81163050959
0.65,0.794328234724,inf,1.11709855303,0.599457562509,3.27450509823
0.65,1.0,23.5829074026,0.937468336112,-0.292954679541,3.81635714204
0.65,1.25892541179,6.58772470347,0.752524376793,-1.04872674432,4.48106658492
0.65,1.58489319246,4.42119333875,0.594779027829,-1.56263763003,5.35035798042
0.65,1.99526231497,3.96120638993,0.52793849889,-1.74409571244,0.280628927853
0.65,2.51188643151,4.00651107604,0.53560726935,-1.72437388782,1.94511233469
0.65,3.16227766017,3.6104365916,0.456775076994,-1.91354228373,3.92072451724
0.65,3.98107170553,3.25566828379,0.349871188162,-2.12205989018,0.0413123666707
0.65,5.01187233627,3.24142234373,0.344315127901,-2.13138627064,3.26331933245
0.65,6.3095734448,3.07928105304,0.26858862881,-2.24361562383,0.892235189374
0.65,7.94328234724,3.0005191208,0.218595810171,-2.30250926677,5.8872965442
0.65,10.0,2.95736203644,0.184088126053,-2.3361100182,5.91667810016
0.65,12.5892541179,2.93423180047,0.16208891834,-2.35452532402,1.31923553067
0.65,15.8489319246,2.90683350132,0.13074829312,-2.37671785385,5.05638485008
0.65,19.9526231497,2.89035567571,0.10719982522,-2.39026744661,5.11941121653
0.65,25.1188643151,2.88182761851,0.0925570681226,-2.39734085286,2.18843961039
0.65,31.6227766017,2.8882099711,0.0766723677296,-2.38030256807,3.44253865979
0.65,39.8107170553,2.86829480768,0.060986149382,-2.40823923104,3.48020886951
0.65,50.1187233627,2.86388480614,0.0485441251072,-2.41236067385,3.83489444799
0.65,63.095734448,2.86084489147,0.036015457325,-2.41492403218,6.13845401104
0.65,79.4328234724,2.85949760908,0.0287643687748,-2.41606184905,6.24730465906
0.65,100.0,2.85865703434,0.0231216943869,-2.41677228075,0.554334644067
0.675,0.1,inf,2.04406382157,6.62639415139,0.615162895842
0.675,0.1,inf,2.04406382157,6.62639415139,0.615162895842
0.675,0.125892541179,inf,2.02595149276,6.47269665944,0.765590529814
0.675,0.158489319246,inf,1.99870880099,6.2440969511,0.947498618798
0.675,0.199526231497,inf,1.95871412922,5.91409914598,1.16381312862
0.675,0.251188643151,inf,1.90183263451,5.45625645479,1.41596559062
0.675,0.316227766017,inf,1.82400373288,4.85166619692,1.70389571439
0.675,0.398107170553,inf,1.72203630146,4.09778731382,2.02706567595
0.675,0.501187233627,inf,1.59429143272,3.21450940477,2.38645899517
0.675,0.63095734448,inf,1.44100338006,2.24443366204,2.78707652205
0.675,0.794328234724,inf,1.26443231489,1.24844767449,3.24072359518
0.675,1.0,inf,1.0697869139,0.301159179507,3.77002225581
0.675,1.25892541179,12.5986018169,0.869351865841,-0.509202763445,4.416327002
0.675,1.58489319246,5.95501398975,0.695201774356,-1.07728426361,5.25626502774
0.675,1.99526231497,4.91256446579,0.611279476971,-1.30588471772,0.139903104993
0.675,2.51188643151,4.94719024377,0.614854777951,-1.29674472672,1.75384820939
0.675,3.16227766017,4.34763387999,0.540626006787,-1.47557108942,3.6944762996
0.675,3.98107170553,3.7145119985,0.414304518878,-1.72707555213,6.01656953539
0.675,5.01187233627,3.69467124086,0.408900893733,-1.73635012224,2.86688992984
0.675,6.3095734448,3.41674063223,0.315367837435,-1.87759140984,0.369793239841
0.675,7.94328234724,3.31953645896,0.270345742484,-1.9325718937,5.23951805588
0.675,10.0,3.25011349171,0.230841726889,-1.97385195227,5.0878741584
0.675,12.5892541179,3.21471401408,0.194164915176,-1.98488034978,0.263018290019
0.675,15.8489319246,3.16983765987,0.171209764529,-2.02383956186,3.71525132269
0.675,19.9526231497,3.1406197335,0.142416463677,-2.0426678188,3.414165608
0.675,25.1188643151,3.11362377379,0.108573883381,-2.06037830091,6.28220777604
0.675,31.6227766017,3.10183462219,0.0896253320614,-2.06820918653,0.61608214622
0.675,39.8107170553,3.0929373303,0.0719692788181,-2.07415869628,6.2788807083
0.675,50.1187233627,3.08741220149,0.0583077224843,-2.07787054078,5.73247521478
0.675,63.095734448,3.08375950169,0.0471166073318,-2.08033176945,0.619181430599
0.675,79.4328234724,3.08128546153,0.0376783010453,-2.08200211918,5.57581191001
0.675,100.0,3.07992318191,0.0312893745974,-2.08292300872,4.36200566833
0.7,0.1,inf,2.29646253281,7.59242248292,0.614697982853
0.7,0.1,inf,2.29646253281,7.59242248292,0.614697982853
0.7,0.125892541179,inf,2.27617568861,7.4276238668,0.764714432065
0.7,0.158489319246,inf,2.24570781196,7.18286761889,0.94589222996
0.7,0.199526231497,inf,2.20106959084,6.83023336786,1.1609735351
0.7,0.251188643151,inf,2.13775194292,6.34217831613,1.41116934532
0.7,0.316227766017,inf,2.05139463507,5.6994951711,1.69620243476
0.7,0.398107170553,inf,1.93866469381,4.90041402066,2.01535846967
0.7,0.501187233627,inf,1.79798340094,3.96653462599,2.3694681176
0.7,0.63095734448,inf,1.62983765355,2.94259046293,2.76330116602
0.7,0.794328234724,inf,1.43689470574,1.891410559,3.20816273353
0.7,1.0,inf,1.22488529591,0.888875526285,3.72558092056
0.7,1.25892541179,inf,1.0066040071,0.0235418983263,4.35458528716
0.7,1.58489319246,9.87972017205,0.814007705065,-0.599385664526,5.16706897906
0.7,1.99526231497,6.74794585766,0.711352622849,-0.87756522734,0.0065486362296
0.7,2.51188643151,6.69407803596,0.708553093359,-0.884627070202,1.56941269336
0.7,3.16227766017,5.63359330636,0.638992486226,-1.05115195908,3.4755963579
0.7,3.98107170553,4.41226386738,0.494499772844,-1.34211434734,5.72502300627
0.7,5.01187233627,4.3495392067,0.483358494979,-1.3614689647,2.48067916673
0.7,6.3095734448,3.88429191952,0.376620449474,-1.52454109098,6.15685246408
0.7,7.94328234724,3.76078352923,0.337135237933,-1.57460874699,4.62205732963
0.7,10.0,3.64400644384,0.291986793662,-1.62506920114,4.2955678773
0.7,12.5892541179,3.53272307275,0.237573808755,-1.67626007437,5.49488296676
0.7,15.8489319246,3.49215443192,0.21326057681,-1.69573332339,2.40638062288
0.7,19.9526231497,3.43842587845,0.174828553964,-1.72223070963,1.74589539964
0.7,25.1188643151,3.40428567018,0.1443716911,-1.73950226696,4.18962698008
0.7,31.6227766017,3.38085789367,0.118568141625,-1.75155621055,4.24554089095
0.7,39.8107170553,3.36618943168,0.0988052445569,-1.75918876844,2.92771549984
0.7,50.1187233627,3.35376449831,0.0780665254189,-1.76570616203,1.49353170568
0.7,63.095734448,3.34665435298,0.0631143392706,-1.76945749877,1.55497320065
0.7,79.4328234724,3.34165467878,0.0499401255329,-1.77210490307,5.11654903605
0.7,100.0,3.33899210908,0.0412263195211,-1.77351800999,2.14973817801
0.725,0.1,inf,2.59475528555,8.55772865162,0.614234575492
0.725,0.1,inf,2.59475528555,8.55772865162,0.614234575492
0.725,0.125892541179,inf,2.57190292151,8.38147588391,0.763842602429
0.725,0.158489319246,inf,2.53763281823,8.12008408031,0.944297318047
0.725,0.199526231497,inf,2.48752550958,7.74420692228,1.15816271952
0.725,0.251188643151,inf,2.4166355931,7.22523445097,1.40643934931
0.725,0.316227766017,inf,2.32025524161,6.5437169477,1.68864759999
0.725,0.398107170553,inf,2.19488832883,5.69873072387,2.0039135531
0.725,0.501187233627,inf,2.03902725998,4.7136428625,2.35293254164
0.725,0.63095734448,inf,1.85345232213,3.63533993456,2.74026485301
0.725,0.794328234724,inf,1.64130308543,2.52858006722,3.17675363356
0.725,1.0,inf,1.40892336274,1.47048313975,3.6829161233
0.725,1.25892541179,inf,1.16976825863,0.549876292876,4.2956409621
0.725,1.58489319246,42.2734784118,0.956023026701,-0.128408700314,5.08243745509
0.725,1.99526231497,11.8481056869,0.832517167968,-0.458156144453,6.16342593428
0.725,2.51188643151,11.1485788967,0.820869782683,-0.486903530116,1.39200492466
0.725,3.16227766017,8.47748022599,0.755682560069,-0.640317910027,3.2635691545
0.725,3.98107170553,5.61959974557,0.5940658292,-0.96595534671,5.4488705625
0.725,5.01187233627,5.39422763817,0.570857998109,-1.00631318971,2.10528155127
0.725,6.3095734448,4.59372581359,0.456515774133,-1.18167314308,5.68705810837
0.725,7.94328234724,4.41241691842,0.419380096026,-1.23022881132,4.0292948296
0.725,10.0,4.19747725342,0.365621585302,-1.29322497607,3.53053969223
0.725,12.5892541179,4.0039146928,0.302982514784,-1.35574377505,4.51731909926
0.725,15.8489319246,3.89335122059,0.256919097465,-1.39424421611,1.12961292785
0.725,19.9526231497,3.80701655957,0.211723249513,-1.4258625713,0.129798187984
0.725,25.1188643151,3.76570105197,0.185330126261,-1.44150646737,2.15971440787
0.725,31.6227766017,3.72246677952,0.152092309925,-1.45824872111,1.67258638939
0.725,39.8107170553,3.69074922599,0.121397920184,-1.47078061613,5.94924973649
0.725,50.1187233627,3.67577908935,0.103563112912,-1.47677058078,3.67554548563
0.725,63.095734448,3.66250056709,0.0844943728222,-1.48212466351,2.66225171554
0.725,79.4328234724,3.6525225605,0.0665415665977,-1.48617355011,4.87023364052
0.725,100.0,3.64649842741,0.0527641877981,-1.48862875678,0.19978402491
0.75,0.1,inf,2.9527102831,9.52231528732,0.613772664082
0.75,0.1,inf,2.9527102831,9.52231528732,0.613772664082
0.75,0.125892541179,inf,2.92678410975,9.33425888721,0.762974998347
0.75,0.158489319246,inf,2.88796143278,9.05575844282,0.942713739676
0.75,0.199526231497,inf,2.83131138702,8.65604310267,1.15538018567
0.75,0.251188643151,inf,2.75137129335,8.10546699874,1.40177403321
0.75,0.316227766017,inf,2.64302278847,7.38440042993,1.68122695005
0.75,0.398107170553,inf,2.50257809295,6.49283915779,1.99272108358
0.75,0.501187233627,inf,2.32861432736,5.45597254285,2.33683224008
0.75,0.63095734448,inf,2.12225774064,4.32285962735,2.71793064149
0.75,0.794328234724,inf,1.88720474871,3.16017558559,3.14643238073
0.75,1.0,inf,1.63053008875,2.04625079671,3.64191962879
0.75,1.25892541179,inf,1.36653622299,1.07013812155,4.23930872586
0.75,1.58489319246,inf,1.12803003335,0.336123900663,5.00205735556
0.75,1.99526231497,105.485250258,0.980856773573,-0.0467819167937,6.04380956724
0.75,2.51188643151,48.1890250442,0.957597805158,-0.102405105644,1.22175766707
0.75,3.16227766017,20.3043410658,0.896101457602,-0.243041731055,3.05801098952
0.75,3.98107170553,8.25546594461,0.717964208524,-0.597761802139,5.18692111336
0.75,5.01187233627,7.36866419411,0.676136740051,-0.669701057145,1.74178956724
0.75,6.3095734448,5.82338445559,0.559566250223,-0.847411370171,5.24193065014
0.75,7.94328234724,5.47151297046,0.518595240151,-0.901908160903,3.45618188355
0.75,10.0,5.02467456216,0.451584836397,-0.982113794534,2.78629851666
0.75,12.5892541179,4.69688906025,0.385192054259,-1.05065334464,3.57681546505
0.75,15.8489319246,4.44148845177,0.315280219148,-1.11106946559,6.18881078698
0.75,19.9526231497,4.32043762016,0.272339231215,-1.14219961828,4.87634740954
0.75,25.1188643151,4.21940111009,0.228033316008,-1.16955038684,0.187066011096
0.75,31.6227766017,4.15257735302,0.19168763667,-1.1883709275,5.46786982174
0.75,39.8107170553,4.11258448399,0.165460968063,-1.1999272525,2.8216702227
0.75,50.1187233627,4.07063211483,0.131734048855,-1.21229383087,5.98488991703
0.75,63.095734448,4.05006333981,0.111193343076,-1.21845062324,3.9383180811
0.75,79.4328234724,4.03216886438,0.0893402145983,-1.22385801947,4.83844506486
0.75,100.0,4.0211023551,0.0724741457061,-1.22722620932,4.8065761254
0.775,0.1,inf,3.39021488588,10.4861847236,0.613312241552
0.775,0.1,inf,3.39021488588,10.4861847236,0.613312241552
0.775,0.125892541179,inf,3.36053708517,10.2859780256,0.762111588505
0.775,0.158489319246,inf,3.31616131424,9.98990261225,0.941141354325
0.775,0.199526231497,inf,3.25153659456,9.56576518809,1.15262543682
0.775,0.251188643151,inf,3.16057471429,8.9829172478,1.39717187718
0.775,0.316227766017,inf,3.0376622934,8.22161214224,1.67393644634
0.775,0.398107170553,inf,2.87888123124,7.28283706668,1.98177169904
0.775,0.501187233627,inf,2.68291075744,6.19365581663,2.3211483629
0.775,0.63095734448,inf,2.45129282402,5.00531769517,2.69626402054
0.775,0.794328234724,inf,2.18839326969,3.78640321378,3.11713961991
0.775,1.0,inf,1.90217441348,2.61642811133,3.60249141228
0.775,1.25892541179,inf,1.60802713194,1.58463724784,4.18541745475
0.775,1.58489319246,inf,1.33985008969,0.794639641233,4.92563573204
0.775,1.99526231497,inf,1.16515456569,0.357333967212,5.93051452245
0.775,2.51188643151,inf,1.12704797317,0.270047302141,1.05872895855
0.775,3.16227766017,inf,1.06812370268,0.14078927908,2.85865327006
0.775,3.98107170553,18.7384296207,0.873393748482,-0.237016765567,4.93791208772
0.775,5.01187233627,12.6964916833,0.806192974624,-0.34980702475,1.39148550668
0.775,6.3095734448,8.87458368202,0.702961643097,-0.495468736871,4.82862363545
0.775,7.94328234724,7.50356381236,0.638505315553,-0.591895010365,2.89951573672
0.775,10.0,6.40519860662,0.553280636293,-0.693393328335,2.06170248585
0.775,12.5892541179,5.79506896161,0.482767892487,-0.766396743492,2.66278150254
0.775,15.8489319246,5.30129394269,0.402033334187,-0.837780743439,5.02870391133
0.775,19.9526231497,5.09036021379,0.356217239692,-0.872496600233,3.40470834042
0.775,25.1188643151,4.87851504627,0.298290028836,-0.910383987415,4.5931428097
0.775,31.6227766017,4.76120652838,0.257936145598,-0.932814393582,3.09063307025
0.775,39.8107170553,4.65041227027,0.210456360388,-0.955038332597,6.06841606475
0.775,50.1187233627,4.5941648778,0.180530829385,-0.966731081409,2.16746285245
0.775,63.095734448,4.54203833901,0.146593081736,-0.977825735715,5.38517085759
0.775,79.4328234724,4.51074297344,0.121249345162,-0.984609853996,5.0233346605
0.775,100.0,4.49016291303,0.100927470484,-0.989122681406,3.40153767769
0.8,0.1,inf,3.9371001739,11.4493394821,0.612853299717
0.8,0.1,inf,3.9371001739,11.4493394821,0.612853299717
0.8,0.125892541179,inf,3.90273868747,11.2366388599,0.761252338488
0.8,0.158489319246,inf,3.85143407276,10.9225290068,0.939580006467
0.8,0.199526231497,inf,3.77686526857,10.4733963766,1.14989796485
0.8,0.251188643151,inf,3.67216945058,9.85762560321,1.39263136969
0.8,0.316227766017,inf,3.53112148483,9.05541661259,1.66677216979
0.8,0.398107170553,inf,3.34951903392,8.06881844571,1.97105658154
0.8,0.501187233627,inf,3.12616672188,6.92681885789,2.30586314141
0.8,0.63095734448,inf,2.86311772582,5.68287348835,2.67523273754
0.8,0.794328234724,inf,2.56556217412,4.40745698943,3.08882014697
0.8,1.0,inf,2.24256495972,3.18124806647,3.56453887363
0.8,1.25892541179,inf,1.91092883833,2.09365823695,4.13380926448
0.8,1.58489319246,inf,1.60623931622,1.24752182324,4.85289990152
0.8,1.99526231497,inf,1.39859196641,0.754874366975,5.82316678399
0.8,2.51188643151,inf,1.34162031465,0.631611363982,0.90290067143
0.8,3.16227766017,inf,1.28361915712,0.511386216469,2.66532345202
0.8,3.98107170553,inf,1.0712655559,0.116548116854,4.70060199574
0.8,5.01187233627,88.9589502192,0.971490767138,-0.0443782413204,1.05554494599
0.8,6.3095734448,19.3775562688,0.861376563023,-0.203732694963,4.41491500591
0.8,7.94328234724,13.1026688339,0.786383160633,-0.301300583147,2.35839794162
0.8,10.0,9.28273523087,0.679239180615,-0.425288631233,1.36051291032
0.8,12.5892541179,8.09989254061,0.612687899294,-0.481681112651,1.78866475651
0.8,15.8489319246,6.86784300906,0.521507274821,-0.574829936448,3.92220785078
0.8,19.9526231497,6.30528495137,0.454989082082,-0.626116312091,1.97408981764
0.8,25.1188643151,5.91894430704,0.39402491358,-0.666984103186,2.79015267883
0.8,31.6227766017,5.61585655626,0.331157115876,-0.702981231961,0.780988524372
0.8,39.8107170553,5.44918355886,0.287111269698,-0.724483166661,3.16893544152
0.8,50.1187233627,5.30354229263,0.239240214726,-0.744378293339,4.76392714387
0.8,63.095734448,5.20950271784,0.200544470201,-0.757815471891,0.730569515036
0.8,79.4328234724,5.14304693086,0.166784255318,-0.767607570669,5.42743792111
0.8,100.0,5.1001777348,0.140165145476,-0.774059643745,2.26674032269
0.825,0.1,inf,4.64024355792,12.4117820642,0.612395830462
0.825,0.1,inf,4.64024355792,12.4117820642,0.612395830462
0.825,0.125892541179,inf,4.59986681877,12.1862469497,0.760397213581
0.825,0.158489319246,inf,4.53966767854,11.8536485492,0.938029569852
0.825,0.199526231497,inf,4.45234084646,11.3789584121,1.14719731824
0.825,0.251188643151,inf,4.33003538218,10.7296310066,1.38815112643
0.825,0.316227766017,inf,4.1657469464,9.88587627561,1.65973042338
0.825,0.398107170553,inf,3.95491110674,8.85087351858,1.96056725505
0.825,0.501187233627,inf,3.69649062123,7.65558215719,2.29095980397
0.825,0.63095734448,inf,3.3931860234,6.35567826553,2.65480658184
0.825,0.794328234724,inf,3.05123309725,5.02351963628,3.06142259583
0.825,1.0,inf,2.68110624201,3.74092815183,3.52797626395
0.825,1.25892541179,inf,2.30147440176,2.59746330387,4.08433845957
0.825,1.58489319246,inf,1.95040993673,1.69511513422,4.78359693433
0.825,1.99526231497,inf,1.70190093571,1.14643941615,5.72139700797
0.825,2.51188643151,inf,1.62072674211,0.983395174286,0.754183313027
0.825,3.16227766017,inf,1.56129276178,0.869069580209,2.47792337113
0.825,3.98107170553,inf,1.32888503901,0.463018200802,4.47382909967
0.825,5.01187233627,inf,1.18823829576,0.249005256913,0.734814344372
0.825,6.3095734448,inf,1.08289757696,0.104379614522,4.02738895226
0.825,7.94328234724,116.818095483,0.975235312102,-0.0295704319275,1.83396283425
0.825,10.0,19.9512069961,0.844740832169,-0.173140479223,0.68849367724
0.825,12.5892541179,13.1254911223,0.751426873119,-0.263179602819,0.917095134257
0.825,15.8489319246,10.5013075958,0.675166949366,-0.32894584878,2.85285617945
0.825,19.9526231497,8.59083442424,0.578653423031,-0.4020984889,0.591634224803
0.825,25.1188643151,7.70169362531,0.507985135397,-0.448519729353,1.03905291084
0.825,31.6227766017,7.07880003803,0.439046363659,-0.487986879389,4.8594571974
0.825,39.8107170553,6.66752709161,0.378112608785,-0.518087364764,0.361484806794
0.825,50.1187233627,6.39618740978,0.326515685357,-0.540065717133,1.22379783139
0.825,63.095734448,6.20100454746,0.280165552667,-0.557064829407,2.5429802452
0.825,79.4328234724,6.04297688983,0.233228226198,-0.571632426097,6.05363278407
0.825,100.0,5.94576537396,0.197321822243,-0.580978448209,1.40692427744
0.85,0.1,inf,5.57777405373,13.3735149444,0.611939825839
0.85,0.1,inf,5.57777405373,13.3735149444,0.611939825839
0.85,0.125892541179,inf,5.52938464348,13.1348077755,0.759546179887
0.85,0.158489319246,inf,5.45734217973,12.7832723497,0.936489921476
0.85,0.199526231497,inf,5.35303587552,12.2824731406,1.14452305021
0.85,0.251188643151,inf,5.20730583987,11.5989719243,1.38372976776
0.85,0.316227766017,inf,5.01211654578,10.7130516513,1.65280760001
0.85,0.398107170553,inf,4.76242401177,9.62908935486,1.95029574764
0.85,0.501187233627,inf,4.45739753324,8.38006095147,2.27642260796
0.85,0.63095734448,inf,4.10058904608,7.02387567276,2.63495723701
0.85,0.794328234724,inf,3.6996122115,5.63476341697,3.03489912949
0.85,1.0,inf,3.26681117129,4.29567131722,3.49272419178
0.85,1.25892541179,inf,2.82339506556,3.09629425266,4.03687063151
0.85,1.58489319246,inf,2.41107317539,2.13773007953,4.71749287688
0.85,1.99526231497,inf,2.10966162913,1.5325547189,5.62484683728
0.85,2.51188643151,inf,1.99664275848,1.32643748674,0.612424681742
0.85,3.16227766017,inf,1.9323617545,1.2142673149,2.29640831199
0.85,3.98107170553,inf,1.6752801814,0.80235319834,4.25654344495
0.85,5.01187233627,inf,1.48303422453,0.53268805367,0.429696536345
0.85,6.3095734448,inf,1.38019374519,0.401910769445,3.65399633739
0.85,7.94328234724,inf,1.22790140108,0.225504567904,1.32854875127
0.85,10.0,inf,1.15798009996,0.136794618143,0.0796633930292
0.85,12.5892541179,87.7634775693,0.961269105422,-0.0337370555763,0.100945816174
0.85,15.8489319246,28.280219958,0.874222005497,-0.104697959377,1.81463546828
0.85,19.9526231497,15.6778756915,0.758137616637,-0.188857303029,5.56159255429
0.85,25.1188643151,12.0819696318,0.66948795331,-0.245066111782,5.64999662211
0.85,31.6227766017,10.3990458214,0.599096261464,-0.284726250003,2.75244342611
0.85,39.8107170553,9.13572356312,0.519870285436,-0.324099268095,3.97000270155
0.85,50.1187233627,8.36933272692,0.451046190524,-0.353777465532,4.11246930359
0.85,63.095734448,7.8513601373,0.388448682538,-0.377116992285,4.52477329839
0.85,79.4328234724,7.49584638486,0.332597994047,-0.395002934733,0.621511269222
0.85,100.0,7.25040849924,0.283752241944,-0.40837441375,0.826310738431
0.875,0.1,inf,6.89032388438,14.3345405582,0.611485278262
0.875,0.1,inf,6.89032388438,14.3345405582,0.611485278262
0.875,0.125892541179,inf,6.83072589995,14.0823269281,0.758699201781
0.875,0.158489319246,inf,6.7421217787,13.7114117615,0.934960930772
0.875,0.199526231497,inf,6.61408101837,13.1839622103,1.14187471275
0.875,0.251188643151,inf,6.43562085844,12.4656856388,1.37936587476
0.875,0.316227766017,inf,6.19727064191,11.5370013644,1.64600029242
0.875,0.398107170553,inf,5.89331810696,10.4035497255,1.94023445487
0.875,0.501187233627,inf,5.52321580026,9.10036544117,2.26223663588
0.875,0.63095734448,inf,5.09169339094,7.68760216244,2.61565821996
0.875,0.794328234724,inf,4.6082744071,6.24135091672,3.00920515735
0.875,1.0,inf,4.08790905301,4.84566767259,3.45870901484
0.875,1.25892541179,inf,3.55541715402,3.59037443149,3.99128176801
0.875,1.58489319246,inf,3.05793468816,2.57564759612,4.65437159862
0.875,1.99526231497,inf,2.68415395998,1.91368016483,5.53317310731
0.875,2.51188643151,inf,2.52738525912,1.66169495425,0.477420815661
0.875,3.16227766017,inf,2.45304853395,1.54750700628,2.12076706512
0.875,3.98107170553,inf,2.16290472313,1.13443617204,4.04782045058
0.875,5.01187233627,inf,1.90321301168,0.808758639095,0.14013947323
0.875,6.3095734448,inf,1.79721623782,0.687783952438,3.29303754028
0.875,7.94328234724,inf,1.5858770743,0.467266100444,0.84463427409
0.875,10.0,inf,1.40967050467,0.3044684385,5.72915436882
0.875,12.5892541179,inf,1.27064444155,0.189538833378,5.61203840499
0.875,15.8489319246,inf,1.15204014449,0.100915681495,0.814830748291
0.875,19.9526231497,inf,1.03113101343,0.0195020958022,4.31730282713
0.875,25.1188643151,52.4156336399,0.920529154229,-0.0470737627103,4.06511019686
0.875,31.6227766017,23.6480178905,0.813452928426,-0.10433860088,0.713498576313
0.875,39.8107170553,16.7203632354,0.722178802877,-0.147568630271,1.39633887722
0.875,50.1187233627,13.3564439866,0.633276671493,-0.184734881735,0.85217481704
0.875,63.095734448,11.533180519,0.553489746533,-0.213939346237,0.401274448081
0.875,79.4328234724,10.4575164823,0.484770465687,-0.235945227001,1.69794409157
0.875,100.0,9.69302881555,0.417932836303,-0.254554190153,0.526066161557
0.9,0.1,inf,8.85915759086,15.2948616302,0.611032177357
0.9,0.1,inf,8.85915759086,15.2948616302,0.611032177357
0.9,0.125892541179,inf,8.7827584107,15.0288110652,0.757856222449
0.9,0.158489319246,inf,8.66933486701,14.6380779467,0.933442471357
0.9,0.199526231497,inf,8.50573788708,14.0834475681,1.1392517873
0.9,0.251188643151,inf,8.27826049968,13.3298085212,1.37505826494
0.9,0.316227766017,inf,7.9752903396,12.3577825491,1.63930521497
0.9,0.398107170553,inf,7.59011470762,11.1743350403,1.9303760792
0.9,0.501187233627,inf,7.12260349169,9.81660103062,2.24838777654
0.9,0.63095734448,inf,6.57923491186,8.34698765203,2.59688459303
0.9,0.794328234724,inf,5.97237388016,6.84343593485,2.98429901607
0.9,1.0,inf,5.32086526148,5.39109540412,3.42586238412
0.9,1.25892541179,inf,4.65500461056,4.07991063299,3.94745738094
0.9,1.58489319246,inf,4.03043234494,3.00912117804,4.59403402424
0.9,1.99526231497,inf,3.54998311952,2.29021818617,5.44605048493
0.9,2.51188643151,inf,3.32890934945,1.9900356881,0.348927643262
0.9,3.16227766017,inf,3.23581553853,1.86940246456,1.95100399549
0.9,3.98107170553,inf,2.8968850181,1.45911122377,3.84686302583
0.9,5.01187233627,inf,2.54283510856,1.07894736973,6.14888474859
0.9,6.3095734448,inf,2.42268026521,0.961177215517,2.94341174355
0.9,7.94328234724,inf,2.13148115661,0.699402184461,0.383949584098
0.9,10.0,inf,1.92837724827,0.536637969262,5.15745403303
0.9,12.5892541179,inf,1.75317111705,0.409314184577,4.88099062999
0.9,15.8489319246,inf,1.58130239747,0.296190399327,6.14704936332
0.9,19.9526231497,inf,1.44975954428,0.217487298211,3.12355719998
0.9,25.1188643151,inf,1.30268501679,0.137580090933,2.54076594801
0.9,31.6227766017,inf,1.15350972323,0.0652548763529,5.05687706822
0.9,39.8107170553,inf,1.03107730568,0.0124594880422,5.21512428519
0.9,50.1187233627,67.749257251,0.923253585742,-0.0291356829626,4.02311511153
0.9,63.095734448,30.793637078,0.821741057676,-0.0641015829088,2.74660777447
0.9,79.4328234724,21.1312164683,0.725787790224,-0.0934125530907,2.99462737397
0.9,100.0,16.7784206445,0.635608877859,-0.117646405585,0.504637241382
0.925,0.1,inf,12.1405592794,16.2544813418,0.61058050647
0.925,0.1,inf,12.1405592794,16.2544813418,0.61058050647
0.925,0.125892541179,inf,12.0361725104,15.9742638337,0.757017233954
0.925,0.158489319246,inf,11.8814151828,15.5632838237,0.931934350302
0.925,0.199526231497,inf,11.6586158877,14.9809486041,1.1366539345
0.925,0.251188643151,inf,11.3495453204,14.1913765757,1.37080568103
0.925,0.316227766017,inf,10.9390315129,13.1754496796,1.63271914263
0.925,0.398107170553,inf,10.4186979981,11.9415235414,1.92071379171
0.925,0.501187233627,inf,9.78909799335,10.528869062,2.23486278144
0.925,0.63095734448,inf,9.059600432,9.00215578611,2.57861295804
0.925,0.794328234724,inf,8.24727551257,7.44116368345,2.96014187005
0.925,1.0,inf,7.37744044181,5.93212166435,3.3941208274
0.925,1.25892541179,inf,6.4895867243,4.56509468135,3.90529171048
0.925,1.58489319246,inf,5.653953164,3.43838135155,4.53629664021
0.925,1.99526231497,inf,4.99795325226,2.66252125829,5.36317287428
0.925,2.51188643151,inf,4.67169871351,2.31223788116,0.22667226073
0.925,3.16227766017,inf,4.54307379524,2.18063608156,1.7871240353
0.925,3.98107170553,inf,4.12276139345,1.77621389689,3.65299618547
0.925,5.01187233627,inf,3.620754358,1.3445951202,5.88882508467
0.925,6.3095734448,inf,3.46449994246,1.22167024397,2.60456239237
0.925,7.94328234724,inf,3.05496342604,0.925216596276,6.23021600062
0.925,10.0,inf,2.80926040246,0.765233816699,4.61399634207
0.925,12.5892541179,inf,2.57381089066,0.624505928503,4.18425175431
0.925,15.8489319246,inf,2.32264345216,0.487954168686,5.24771564276
0.925,19.9526231497,inf,2.14048876673,0.397686475682,1.96811698813
0.925,25.1188643151,inf,1.92904868813,0.302146600753,1.06734048452
0.925,31.6227766017,inf,1.77256588435,0.233595851119,3.21430386774
0.925,39.8107170553,inf,1.58155439982,0.166695745962,2.87101371437
0.925,50.1187233627,inf,1.41882069437,0.112482477191,1.03831308822
0.925,63.095734448,inf,1.27121517898,0.0683951887234,5.25079095471
0.925,79.4328234724,inf,1.14112745555,0.0335511632879,4.50349969163
0.925,100.0,inf,1.01949568734,0.00437154925249,0.758036654271
0.95,0.1,inf,18.7033802274,17.2134011452,0.610130266664
0.95,0.1,inf,18.7033802274,17.2134011452,0.610130266664
0.95,0.125892541179,inf,18.5430403809,16.9186906291,0.756182203758
0.95,0.158489319246,inf,18.305661156,16.4870378688,0.930436503898
0.95,0.199526231497,inf,17.9645444218,15.8764859313,1.13408075246
0.95,0.251188643151,inf,17.4924365031,15.0504235289,1.36660672272
0.95,0.316227766017,inf,16.8670633884,13.9900575511,1.62623915556
0.95,0.398107170553,inf,16.0767210543,12.7051894842,1.91124091777
0.95,0.501187233627,inf,15.1233135087,11.237265982,2.22164896022
0.95,0.63095734448,inf,14.0219548821,9.65322444254,2.56082135211
0.95,0.794328234724,inf,12.799081312,8.03467175185,2.93669739449
0.95,1.0,inf,11.4929276412,6.46890353905,3.36342532933
0.95,1.25892541179,inf,10.1614693237,5.04610483341,3.86468699166
0.95,1.58489319246,inf,8.90469923342,3.86363788754,4.48099045589
0.95,1.99526231497,inf,7.90055966116,3.03089861851,5.28425395623
0.95,2.51188643151,inf,7.36712396252,2.62899230663,0.110363075402
0.95,3.16227766017,inf,7.16202478862,2.48193929827,1.6291207211
0.95,3.98107170553,inf,6.57746006649,2.08559484727,3.46565725711
0.95,5.01187233627,inf,5.79292646364,1.60667300497,5.64222157992
0.95,6.3095734448,inf,5.54749746346,1.46932428218,2.27637273997
0.95,7.94328234724,inf,4.9240830677,1.14717373621,5.81641306671
0.95,10.0,inf,4.58669564407,0.988824984288,4.0942570731
0.95,12.5892541179,inf,4.22571910609,0.831845249791,3.51485322693
0.95,15.8489319246,inf,3.8377562735,0.677468418934,4.39380358457
0.95,19.9526231497,inf,3.51622315414,0.5607826752,0.855410007091
0.95,25.1188643151,inf,3.1976405814,0.455231218755,5.94535360272
0.95,31.6227766017,inf,2.93924971728,0.376979274772,1.42952964508
0.95,39.8107170553,inf,2.66999971039,0.3024494403,0.611085524235
0.95,50.1187233627,inf,2.43031026175,0.242121958092,4.47326463413
0.95,63.095734448,inf,2.4260687468,0.208253659757,1.66689766131
0.95,79.4328234724,inf,2.00196361313,0.148432285162,6.22388061536
0.95,100.0,inf,1.81675854938,0.11353104741,1.27982392688
0.975,0.1,inf,38.3918780901,18.1716234825,0.609681451153
0.975,0.1,inf,38.3918780901,18.1716234825,0.609681451153
0.975,0.125892541179,inf,38.0637232557,17.8620970873,0.755351095218
0.975,0.158489319246,inf,37.5785684001,17.4093510271,0.928948816626
0.975,0.199526231497,inf,36.8826710512,16.7700801535,1.13153181125
0.975,0.251188643151,inf,35.9217416419,15.9069842839,1.36246046385
0.975,0.316227766017,inf,34.6522297084,14.8016562786,1.61986216125
0.975,0.398107170553,inf,33.0524533142,13.4654060992,1.90195127772
0.975,0.501187233627,inf,31.1283266963,11.9418851753,2.20873446641
0.975,0.63095734448,inf,28.9121311034,10.3003059463,2.54348901559
0.975,0.794328234724,inf,26.4583149112,8.62409069314,2.91393154097
0.975,1.0,inf,23.8438122212,7.00158882096,3.33372097219
0.975,1.25892541179,inf,21.1822135668,5.52310698722,3.82555279359
0.975,1.58489319246,inf,18.6637530813,4.28508240298,4.42795978008
0.975,1.99526231497,inf,16.6204315669,3.39562216115,5.20902707984
0.975,2.51188643151,inf,15.4719401048,2.94090716054,6.28288382173
0.975,3.16227766017,inf,15.0285618383,2.77407061548,1.47696855602
0.975,3.98107170553,inf,13.9461131866,2.38713776459,3.28438405395
0.975,5.01187233627,inf,12.3384927322,1.86582933127,5.40805526526
0.975,6.3095734448,inf,11.7973301907,1.7046907597,1.9590308298
0.975,7.94328234724,inf,10.5728518674,1.36675792349,5.42418763519
0.975,10.0,inf,9.93451241517,1.20525841598,3.59427904667
0.975,12.5892541179,inf,9.18221956347,1.02783528496,2.86795051107
0.975,15.8489319246,inf,8.41493212968,0.86126016483,3.57560644149
0.975,19.9526231497,inf,7.67931553755,0.715199957807,6.07951478433
0.975,25.1188643151,inf,7.08589004234,0.607102549205,4.61525339927
0.975,31.6227766017,inf,6.50978595029,0.510472687914,6.00763141386
0.975,39.8107170553,inf,5.99272914729,0.430720022215,4.74560292355
0.975,50.1187233627,inf,5.52527533388,0.364295965653,1.7513716998
0.975,63.095734448,inf,5.0582185203,0.30331303677,4.48488103369
0.975,79.4328234724,inf,4.64929197393,0.25433937934,1.8722163092
0.975,100.0,inf,4.26029121354,0.211581398136,2.06086211185
1.0,0.1,inf,5.97350333832e+15,19.1291507719,0.609234051445
1.0,0.1,inf,5.97350333832e+15,19.1291507719,0.609234051445
1.0,0.125892541179,inf,7.86918193483e+15,18.8044882461,0.754523877583
1.0,0.158489319246,inf,3.26768323438e+15,18.3302340312,0.927471162947
1.0,0.199526231497,inf,6.05869703115e+15,17.6617512352,1.12900657816
1.0,0.251188643151,inf,1.55377695871e+15,16.761092368,1.35836568875
1.0,0.316227766017,inf,2.84798671932e+15,15.6102982861,1.61358553255
1.0,0.398107170553,inf,1.58868642773e+15,14.2222422404,1.89283878648
1.0,0.501187233627,inf,1.31625109421e+15,12.6428155454,2.19610794228
1.0,0.63095734448,inf,2.69951667779e+15,10.9435076485,2.52659650251
1.0,0.794328234724,inf,8.41352674038e+14,9.209544222,2.89181247009
1.0,1.0,inf,7.34124548526e+15,7.53031681752,3.3049565692
1.0,1.25892541179,inf,1.44295332075e+15,5.9962558607,3.78780538185
1.0,1.58489319246,inf,6.31596302985e+14,4.70289030209,4.37706117338
1.0,1.99526231497,inf,1.9197744383e+15,3.75693158956,5.13724471385
1.0,2.51188643151,inf,2.46033975477e+14,3.24851368579,6.17756006429
1.0,3.16227766017,inf,2.3324265859e+14,3.05779762746,1.33061728214
1.0,3.98107170553,inf,2.22449464901e+14,2.68077137133,3.10880250781
1.0,5.01187233627,inf,3.23260873906e+14,2.12244807475,5.18528422663
1.0,6.3095734448,inf,5.05811222012e+14,1.92875471414,1.65288541749
1.0,7.94328234724,inf,2.38542916382e+15,1.58455821751,5.05149810396
1.0,10.0,inf,1.41759858101e+14,1.41239156308,3.11121790894
1.0,12.5892541179,inf,4.61027099825e+14,1.2103622536,2.24170388871
1.0,15.8489319246,inf,8.23180649007e+14,1.03446439757,2.7856332847
1.0,19.9526231497,inf,3.27636597943e+13,0.868510718081,5.07677157221
1.0,25.1188643151,inf,4.44659292215e+13,0.755565781626,3.34458751091
1.0,31.6227766017,inf,4.43674203743e+14,0.643162182118,4.39231697042
1.0,39.8107170553,inf,6.24055490332e+13,0.555732268973,2.69612973386
1.0,50.1187233627,inf,1.88838292488e+14,0.472327464841,5.42638570255
1.0,63.095734448,inf,1.29080028719e+13,0.407191723,1.19243392375
1.0,79.4328234724,inf,1.58883915625e+13,0.348900179929,3.99469348955
1.0,100.0,inf,1.29256391383e+14,0.299729845929,3.08907939284
