0.1,0.01,1.1249953745,0.111092835962,-15.7914319691,0.0628297863925
0.1,0.01,1.1249953745,0.111092835962,-15.7914319691,0.0628297863925
0.1,0.0125892541179,1.12499266989,0.111082148686,-15.7914699336,0.0790964934199
0.1,0.0158489319246,1.12498838458,0.111065213106,-15.7915300864,0.0995735511126
0.1,0.0199526231497,1.12498159588,0.111038378557,-15.7916253803,0.125349622298
0.1,0.0251188643151,1.12497084421,0.110995865087,-15.7917763055,0.157793759786
0.1,0.0316227766017,1.12495382323,0.110928527069,-15.7920152411,0.198626530285
0.1,0.0398107170553,1.12492689511,0.110821906857,-15.792393265,0.250008105845
0.1,0.0501187233627,1.1248843379,0.110653184365,-15.792990731,0.314646314952
0.1,0.063095734448,1.12481719152,0.110386425128,-15.7939334995,0.3959271248
0.1,0.0794328234724,1.12471152458,0.109965255975,-15.7954173437,0.498068254843
0.11,0.01,1.14101981893,0.123575177188,-15.3966614274,0.0628295797423
0.11,0.01,1.14101981893,0.123575177188,-15.3966614274,0.0628295797423
0.11,0.0125892541179,1.14101641467,0.123563289256,-15.3967073637,0.0790960811662
0.11,0.0158489319246,1.14101102088,0.123544451207,-15.3967801472,0.0995727287727
0.11,0.0199526231497,1.14100247627,0.12351460256,-15.3968954488,0.125347982192
0.11,0.0251188643151,1.14098894396,0.123467314853,-15.3970780584,0.157790489487
0.11,0.0316227766017,1.14096752177,0.123392417177,-15.3973671457,0.198620011952
0.11,0.0398107170553,1.1409336327,0.12327383324,-15.3978244925,0.249995121361
0.11,0.0501187233627,1.1408800794,0.123086193365,-15.3985472717,0.314620474621
0.11,0.063095734448,1.14079559589,0.122789561499,-15.3996876366,0.395875777309
0.11,0.0794328234724,1.1406626764,0.122321319371,-15.4014821361,0.497966462315
0.12,0.01,1.15788752064,0.136341208006,-15.001892184,0.062829373095
0.12,0.01,1.15788752064,0.136341208006,-15.001892184,0.062829373095
0.12,0.0125892541179,1.15788330128,0.136328092161,-15.0019468514,0.0790956689219
0.12,0.0158489319246,1.15787661608,0.13630730848,-15.0020334678,0.0995719064624
0.12,0.0199526231497,1.15786602583,0.136274377419,-15.0021706816,0.125346342179
0.12,0.0251188643151,1.15784925421,0.13622220744,-15.0023879903,0.157787219483
0.12,0.0316227766017,1.15782270507,0.136139579471,-15.0027319985,0.198613494547
0.12,0.0398107170553,1.15778070791,0.136008762858,-15.0032762053,0.249982139801
0.12,0.0501187233627,1.1577143481,0.135801783029,-15.0041361882,0.314594643479
0.12,0.063095734448,1.15760967727,0.135474617981,-15.0054928591,0.395824458613
0.12,0.0794328234724,1.15744503538,0.134958278625,-15.00762733,0.497864759592
0.13,0.01,1.17566684426,0.149400710817,-14.6071242391,0.0628291664507
0.13,0.01,1.17566684426,0.149400710817,-14.6071242391,0.0628291664507
0.13,0.0125892541179,1.17566168053,0.14938633886,-14.6071883964,0.0790952566868
0.13,0.0158489319246,1.17565349913,0.149363564896,-14.6072900482,0.0995710841815
0.13,0.0199526231497,1.17564053892,0.14932748075,-14.6074510783,0.12534470226
0.13,0.0251188643151,1.17562001452,0.149270316738,-14.6077061004,0.157783949772
0.13,0.0316227766017,1.17558752609,0.14917978196,-14.6081097977,0.198606978069
0.13,0.0398107170553,1.17553613695,0.14903645444,-14.6087483984,0.249969161162
0.13,0.0501187233627,1.17545494479,0.148809697513,-14.609757468,0.314568821522
0.13,0.063095734448,1.17532689821,0.14845131593,-14.6113491354,0.395773168682
0.13,0.0794328234724,1.17512553585,0.147885819685,-14.6138528473,0.497763146496
0.14,0.01,1.1944337496,0.162763923016,-14.2123575925,0.0628289598094
0.14,0.01,1.1944337496,0.162763923016,-14.2123575925,0.0628289598094
0.14,0.0125892541179,1.19442749639,0.162748265765,-14.2124319988,0.0790948444612
0.14,0.0158489319246,1.19441758892,0.162723455309,-14.2125498882,0.0995702619301
0.14,0.0199526231497,1.19440189468,0.162684144942,-14.2127366387,0.125343062434
0.14,0.0251188643151,1.19437704119,0.162621871237,-14.2130323879,0.157780680356
0.14,0.0316227766017,1.19433770173,0.162523246973,-14.2135005411,0.198600462519
0.14,0.0398107170553,1.19427547981,0.162367120613,-14.2142410665,0.249956185445
0.14,0.0501187233627,1.19417718225,0.162120134188,-14.2154110983,0.314543008743
0.14,0.063095734448,1.19402218347,0.161729828866,-14.2172564337,0.395721907539
0.14,0.0794328234724,1.1937784968,0.161114079008,-14.2201586101,0.497661622836
0.15,0.01,1.21427287658,0.176441563757,-13.8175922442,0.062828753171
0.15,0.01,1.21427287658,0.176441563757,-13.8175922442,0.062828753171
0.15,0.0125892541179,1.21426537054,0.176424591002,-13.8176776584,0.0790944322448
0.15,0.0158489319246,1.21425347822,0.176397696212,-13.8178129878,0.0995694397082
0.15,0.0199526231497,1.21423464015,0.176355083907,-13.8180273624,0.1253414227
0.15,0.0251188643151,1.21420480882,0.176287580767,-13.8183668521,0.157777411233
0.15,0.0316227766017,1.21415759213,0.176180677895,-13.8189042268,0.198593947894
0.15,0.0398107170553,1.2140829159,0.176011454595,-13.8197542047,0.249943212647
0.15,0.0501187233627,1.21396495526,0.175743770299,-13.8210970664,0.314517205137
0.15,0.063095734448,1.21377898112,0.175320809053,-13.8232147226,0.395670675125
0.15,0.0794328234724,1.21348666925,0.17465367008,-13.8265445406,0.497560188473
0.16,0.01,1.23527882156,0.190444862632,-13.4228281942,0.0628285465356
0.16,0.01,1.23527882156,0.190444862632,-13.4228281942,0.0628285465356
0.16,0.0125892541179,1.23526987823,0.190426543081,-13.4229253753,0.0790940200378
0.16,0.0158489319246,1.23525570888,0.190397514408,-13.4230793467,0.0995686175157
0.16,0.0199526231497,1.23523326424,0.190351521745,-13.423323249,0.12533978306
0.16,0.0251188643151,1.23519772264,0.190278665151,-13.423709492,0.157774142404
0.16,0.0316227766017,1.23514147015,0.190163287792,-13.4243208527,0.198587434197
0.16,0.0398107170553,1.23505250921,0.189980658806,-13.4252878078,0.249930242768
0.16,0.0501187233627,1.23491199885,0.189691791536,-13.4268153596,0.314491410697
0.16,0.063095734448,1.23469051004,0.189235416005,-13.4292239707,0.395619471384
0.16,0.0794328234724,1.23434246691,0.188515711791,-13.433010561,0.497458843268
0.17,0.01,1.25755764569,0.204785590416,-13.0280654426,0.0628283399031
0.17,0.01,1.25755764569,0.204785590416,-13.0280654426,0.0628283399031
0.17,0.0125892541179,1.25754705613,0.204765891648,-13.0281751494,0.0790936078401
0.17,0.0158489319246,1.25753027877,0.204734677753,-13.0283489649,0.0995677953528
0.17,0.0199526231497,1.25750370343,0.204685223474,-13.0286242984,0.125338143513
0.17,0.0251188643151,1.25746162194,0.204606884925,-13.0290603069,0.15777087387
0.17,0.0316227766017,1.25739502153,0.204482830123,-13.0297504168,0.198580921426
0.17,0.0398107170553,1.25728970303,0.204286475542,-13.0308418707,0.249917275806
0.17,0.0501187233627,1.25712337459,0.203975922654,-13.0325659652,0.314465625419
0.17,0.063095734448,1.25686123309,0.203485347049,-13.0352841464,0.395568296288
0.17,0.0794328234724,1.25644941899,0.20271185888,-13.0395565935,0.497357587084
0.18,0.01,1.28122866605,0.219476092069,-12.6333039892,0.0628281332735
0.18,0.01,1.28122866605,0.219476092069,-12.6333039892,0.0628281332735
0.18,0.0125892541179,1.28121619277,0.219454980477,-12.6334269806,0.0790931956517
0.18,0.0158489319246,1.28119643123,0.219421528141,-12.6336218423,0.0995669732193
0.18,0.0199526231497,1.28116512948,0.219368528017,-12.63393051,0.125336504059
0.18,0.0251188643151,1.28111556524,0.219284574311,-12.6344192959,0.157767605629
0.18,0.0316227766017,1.28103712576,0.219151631682,-12.635192917,0.198574409581
0.18,0.0398107170553,1.28091309436,0.218941219894,-12.6364163884,0.24990431176
0.18,0.0501187233627,1.28071723478,0.218608460349,-12.6383488706,0.314439849296
0.18,0.063095734448,1.28040860509,0.218082870113,-12.6413952183,0.395517149809
0.18,0.0794328234724,1.27992389324,0.217254334612,-12.6461825608,0.497256419782
0.19,0.01,1.30642659344,0.23452932218,-12.238543834,0.0628279266469
0.19,0.01,1.30642659344,0.23452932218,-12.238543834,0.0628279266469
0.19,0.0125892541179,1.30641196556,0.23450676291,-12.2386808689,0.0790927834726
0.19,0.0158489319246,1.3063887907,0.234471016944,-12.2388979786,0.0995661511153
0.19,0.0199526231497,1.30635208305,0.234414383627,-12.2392418837,0.125334864698
0.19,0.0251188643151,1.30629396062,0.234324676628,-12.2397864583,0.157764337681
0.19,0.0316227766017,1.30620198137,0.234182627996,-12.2406483513,0.198567898662
0.19,0.0398107170553,1.30605655109,0.233957815103,-12.2420113558,0.249891350629
0.19,0.0501187233627,1.3058269268,0.233602308562,-12.2441640632,0.314414082322
0.19,0.063095734448,1.30546515746,0.233040858949,-12.2475571549,0.395466031918
0.19,0.0794328234724,1.30489714971,0.232155965868,-12.2528883854,0.497155341225
0.2,0.01,1.33330409766,0.249958883064,-11.8437849771,0.0628277200233
0.2,0.01,1.33330409766,0.249958883064,-11.8437849771,0.0628277200233
0.2,0.0125892541179,1.33328700494,0.249934839959,-11.8439368142,0.0790923713029
0.2,0.0158489319246,1.33325992539,0.249896743103,-11.8441773738,0.0995653290407
0.2,0.0199526231497,1.33321703376,0.249836385969,-11.8445584191,0.125333225431
0.2,0.0251188643151,1.33314912175,0.24974078236,-11.8451617933,0.157761070028
0.2,0.0316227766017,1.3330416556,0.249589401368,-11.8461167177,0.198561388668
0.2,0.0398107170553,1.33287175155,0.249349830577,-11.8476267679,0.249878392412
0.2,0.0501187233627,1.33260351702,0.24897101643,-11.8500115301,0.314388324492
0.2,0.063095734448,1.33218099741,0.248372830995,-11.853769925,0.395414942588
0.2,0.0794328234724,1.33151780184,0.247430220873,-11.8596739901,0.497054351274
0.21,0.01,1.3620349034,0.265779065765,-11.4490274183,0.0628275134026
0.21,0.01,1.3620349034,0.265779065765,-11.4490274183,0.0628275134026
0.21,0.0125892541179,1.36201498914,0.265753501291,-11.4491948165,0.0790919591425
0.21,0.0158489319246,1.3619834399,0.265712994113,-11.4494600278,0.0995645069956
0.21,0.0199526231497,1.36193346968,0.265648819095,-11.4498801159,0.125331586256
0.21,0.0251188643151,1.36185435237,0.265547170118,-11.4505453,0.157757802668
0.21,0.0316227766017,1.36172916081,0.265386221813,-11.4515980141,0.1985548796
0.21,0.0398107170553,1.36153124851,0.265131522778,-11.4532626194,0.249865437108
0.21,0.0501187233627,1.36121883503,0.264728819122,-11.4558912589,0.314362575801
0.21,0.063095734448,1.3607268214,0.264092988118,-11.4600334972,0.39536388179
0.21,0.0794328234724,1.35995478225,0.263091249789,-11.4665392977,0.496953449794
0.22,0.01,1.39281754952,0.282004894199,-11.0542711578,0.0628273067848
0.22,0.01,1.39281754952,0.282004894199,-11.0542711578,0.0628273067848
0.22,0.0125892541179,1.39279440178,0.281977769379,-11.0544548758,0.0790915469914
0.22,0.0158489319246,1.39275773036,0.281934790159,-11.0547459404,0.09956368498
0.22,0.0199526231497,1.39269964843,0.281866699575,-11.0552069738,0.125329947174
0.22,0.0251188643151,1.39260769096,0.281758850749,-11.0559369776,0.157754535602
0.22,0.0316227766017,1.39246218929,0.28158809114,-11.0570922386,0.198548371458
0.22,0.0398107170553,1.3922321881,0.281317879271,-11.0589189054,0.249852484716
0.22,0.0501187233627,1.3918691678,0.280890681816,-11.0618032369,0.314336836242
0.22,0.063095734448,1.39129757064,0.280216260486,-11.0663478401,0.395312849497
0.22,0.0794328234724,1.39040093832,0.279153928427,-11.0734842313,0.496852636646
0.23,0.01,1.42587998358,0.298652172743,-10.6595161954,0.06282710017
0.23,0.01,1.42587998358,0.298652172743,-10.6595161954,0.06282710017
0.23,0.0125892541179,1.42585312436,0.298623447084,-10.6597169919,0.0790911348497
0.23,0.0158489319246,1.42581057367,0.298577931698,-10.6600351115,0.0995628629939
0.23,0.0199526231497,1.42574318134,0.298505824057,-10.6605389923,0.125328308186
0.23,0.0251188643151,1.42563648694,0.298391614883,-10.6613368253,0.15775126883
0.23,0.0316227766017,1.4254676766,0.298210790475,-10.6625993891,0.19854186424
0.23,0.0398107170553,1.42520085318,0.297924666195,-10.6645956208,0.249839535235
0.23,0.0501187233627,1.42477977164,0.297472347103,-10.6677474514,0.314311105809
0.23,0.063095734448,1.424116894,0.296758353858,-10.6727129224,0.395261845681
0.23,0.0794328234724,1.4230774193,0.295633905366,-10.6805087141,0.496751911693
0.24,0.01,1.46148521645,0.315737537588,-10.2647625312,0.0628268935582
0.24,0.01,1.46148521645,0.315737537588,-10.2647625312,0.0628268935582
0.24,0.0125892541179,1.46145408829,0.315707168995,-10.2649811649,0.0790907227173
0.24,0.0158489319246,1.46140477543,0.315659050789,-10.2653275409,0.0995620410372
0.24,0.0199526231497,1.46132667484,0.315582820596,-10.2658761713,0.12532666929
0.24,0.0251188643151,1.46120303174,0.315462084239,-10.2667448423,0.157748002351
0.24,0.0316227766017,1.4610074165,0.315270931527,-10.2681194635,0.198535357947
0.24,0.0398107170553,1.46069825266,0.314968479486,-10.2702927606,0.249826588662
0.24,0.0501187233627,1.46021042132,0.314490386129,-10.2737238898,0.314285384498
0.24,0.063095734448,1.45944263454,0.313735800613,-10.279128713,0.395210870314
0.24,0.0794328234724,1.45823906594,0.312547652797,-10.2876126693,0.4966512748
0.25,0.01,1.4999383338,0.333278512185,-9.87001016508,0.0628266869493
0.25,0.01,1.4999383338,0.333278512185,-9.87001016508,0.0628266869493
0.25,0.0125892541179,1.49990228307,0.333246456882,-9.87024739459,0.0790903105942
0.25,0.0158489319246,1.49984517277,0.333195666533,-9.87062322857,0.09956121911
0.25,0.0199526231497,1.49975472492,0.333115204072,-9.87121851034,0.125325030488
0.25,0.0251188643151,1.49961153996,0.332987767024,-9.87216102781,0.157744736165
0.25,0.0316227766017,1.49938502109,0.332786011965,-9.87365245978,0.198528852579
0.25,0.0398107170553,1.49902704863,0.332466800197,-9.87601031957,0.249813644998
0.25,0.0501187233627,1.49846228552,0.331962253836,-9.8797325396,0.314259672302
0.25,0.063095734448,1.49757362416,0.331166014858,-9.88559518061,0.395159923368
0.25,0.0794328234724,1.49618108056,0.329912521425,-9.89479602034,0.496550725828
0.26,0.01,1.54159526024,0.3512935672,-9.47525909708,0.0628264803433
0.26,0.01,1.54159526024,0.3512935672,-9.47525909708,0.0628264803433
0.26,0.0125892541179,1.54155351596,0.351259779635,-9.47551568104,0.0790898984804
0.26,0.0158489319246,1.54148738718,0.351206245012,-9.47592217434,0.0995603972123
0.26,0.0199526231497,1.54138265902,0.351121436119,-9.47656600916,0.125323391779
0.26,0.0251188643151,1.54121687396,0.350987117837,-9.477585381,0.157741470273
0.26,0.0316227766017,1.54095461812,0.350774475277,-9.47919837601,0.198522348135
0.26,0.0398107170553,1.54054021079,0.350438054301,-9.48174829277,0.249800704241
0.26,0.0501187233627,1.53988651383,0.349906348676,-9.48577338811,0.314233969215
0.26,0.063095734448,1.53885816572,0.349067352,-9.49211229406,0.395109004814
0.26,0.0794328234724,1.53724734702,0.347746799833,-9.50205869076,0.496450264643
0.27,0.01,1.58687380921,0.369802185389,-9.08050932717,0.0628262737403
0.27,0.01,1.58687380921,0.369802185389,-9.08050932717,0.0628262737403
0.27,0.0125892541179,1.58682545621,0.369766618139,-9.08078602417,0.079089486376
0.27,0.0158489319246,1.58674885959,0.369710264145,-9.0812243781,0.099559575344
0.27,0.0199526231497,1.58662755672,0.369620989965,-9.08191866742,0.125321753162
0.27,0.0251188643151,1.58643554186,0.369479602488,-9.08301790107,0.157738204675
0.27,0.0316227766017,1.58613181314,0.369255775553,-9.08475721011,0.198515844615
0.27,0.0398107170553,1.585651922,0.368901677416,-9.08750667512,0.24978776639
0.27,0.0501187233627,1.58489505383,0.368342077236,-9.09184642277,0.314208275232
0.27,0.063095734448,1.58370471216,0.367459173225,-9.09868002222,0.395058114626
0.27,0.0794328234724,1.58184089729,0.366069778719,-9.10940060425,0.496349891107
0.28,0.01,1.63626774606,0.388824931885,-8.68576085532,0.0628260671403
0.28,0.01,1.63626774606,0.388824931885,-8.68576085532,0.0628260671403
0.28,0.0125892541179,1.6362116905,0.38878753555,-8.68605842393,0.0790890742808
0.28,0.0158489319246,1.6361228937,0.38872828396,-8.6865298397,0.0995587535052
0.28,0.0199526231497,1.6359822739,0.388634420685,-8.6872764848,0.125320114639
0.28,0.0251188643151,1.63575969143,0.388485768218,-8.68845858721,0.157734939369
0.28,0.0316227766017,1.63540763565,0.388250447666,-8.69032896006,0.198509342019
0.28,0.0398107170553,1.63485144948,0.387878184914,-8.69328546155,0.249774831444
0.28,0.0501187233627,1.63397440461,0.387289924245,-8.697951631,0.314182590348
0.28,0.063095734448,1.63259543697,0.386361915339,-8.70529833399,0.395007252776
0.28,0.0794328234724,1.63043719968,0.384901820484,-8.71682168463,0.496249605085
0.29,0.01,1.69036486827,0.408383530419,-8.29101368151,0.0628258605432
0.29,0.01,1.69036486827,0.408383530419,-8.29101368151,0.0628258605432
0.29,0.0125892541179,1.6902997928,0.408344253512,-8.29133288026,0.0790886621951
0.29,0.0158489319246,1.69019670967,0.408282022795,-8.29183855902,0.0995579316959
0.29,0.0199526231497,1.6900334707,0.408183441386,-8.29263946099,0.125318476208
0.29,0.0251188643151,1.68977509736,0.408027319862,-8.2939074386,0.157731674358
0.29,0.0316227766017,1.68936646222,0.407780183382,-8.29591362383,0.198502840347
0.29,0.0398107170553,1.68872096691,0.407389247965,-8.29908464702,0.249761899402
0.29,0.0501187233627,1.68770328077,0.406771528503,-8.30408900024,0.314156914555
0.29,0.063095734448,1.68610365214,0.405797166517,-8.31196719831,0.394956419235
0.29,0.0794328234724,1.68360119806,0.404264434708,-8.32432185583,0.49614940644
0.3,0.01,1.74987050863,0.428500946079,-7.89626780574,0.062825653949
0.3,0.01,1.74987050863,0.428500946079,-7.89626780574,0.062825653949
0.3,0.0125892541179,1.74979481365,0.428459734906,-7.89660939311,0.0790882501186
0.3,0.0158489319246,1.74967491105,0.428394440037,-7.89715053594,0.099557109916
0.3,0.0199526231497,1.74948504344,0.428291005925,-7.89800759565,0.125316837871
0.3,0.0251188643151,1.74918453772,0.428127202531,-7.89936445445,0.157728409639
0.3,0.0316227766017,1.74870930545,0.427867914,-7.90151119939,0.198496339598
0.3,0.0398107170553,1.74795870585,0.427457776088,-7.90490422646,0.249748970262
0.3,0.0501187233627,1.74677554851,0.426809765312,-7.91025851792,0.31413124785
0.3,0.063095734448,1.7449164094,0.425787748544,-7.91868658413,0.394905613975
0.3,0.0794328234724,1.74200939831,0.42418036009,-7.93190104192,0.496049295039
0.31,0.01,1.81563845896,0.449201475261,-7.50152322796,0.0628254473578
0.31,0.01,1.81563845896,0.449201475261,-7.50152322796,0.0628254473578
0.31,0.0125892541179,1.81555018439,0.449158273794,-7.50188796244,0.0790878380514
0.31,0.0158489319246,1.81541035847,0.449089826052,-7.50246577032,0.0995562881656
0.31,0.0199526231497,1.81518894962,0.448981398816,-7.50338088847,0.125315199627
0.31,0.0251188643151,1.81483854236,0.448809691485,-7.50482963395,0.157725145214
0.31,0.0316227766017,1.81428444156,0.448537900165,-7.50712168474,0.198489839772
0.31,0.0398107170553,1.81340939329,0.448108006895,-7.51074419485,0.249736044023
0.31,0.0501187233627,1.81203036572,0.447428836078,-7.5164601715,0.314105590226
0.31,0.063095734448,1.80986417834,0.446357806207,-7.52545646047,0.394854836969
0.31,0.0794328234724,1.80647883671,0.444673653515,-7.53955916712,0.495949270744
0.32,0.01,1.88871219925,0.470510843561,-7.10677994817,0.0628252407696
0.32,0.01,1.88871219925,0.470510843561,-7.10677994817,0.0628252407696
0.32,0.0125892541179,1.88860891914,0.4704655933,-7.10716858818,0.0790874259936
0.32,0.0158489319246,1.88844532848,0.47039390005,-7.10778426204,0.0995554664446
0.32,0.0199526231497,1.88818629878,0.470280333074,-7.10875933912,0.125313561475
0.32,0.0251188643151,1.88777637609,0.470100489944,-7.11030297628,0.157721881082
0.32,0.0316227766017,1.88712822386,0.469815829622,-7.11274507783,0.19848334087
0.32,0.0398107170553,1.88610479852,0.469365603736,-7.11660454713,0.249723120685
0.32,0.0501187233627,1.88449231185,0.46865436582,-7.12269394844,0.314079941676
0.32,0.063095734448,1.8819603289,0.467532904576,-7.13227679637,0.39480408819
0.32,0.0794328234724,1.87800556924,0.465769786977,-7.14729615575,0.495849333422
0.33,0.01,1.97038067481,0.492456312434,-6.71203796634,0.0628250341842
0.33,0.01,1.97038067481,0.492456312434,-6.71203796634,0.0628250341842
0.33,0.0125892541179,1.97025935309,0.492408952259,-6.7124512703,0.0790870139451
0.33,0.0158489319246,1.97006719033,0.492333916716,-6.71310601098,0.0995546447532
0.33,0.0199526231497,1.96976293196,0.49221505682,-6.71414294729,0.125311923417
0.33,0.0251188643151,1.96928146452,0.492026835646,-6.71578448064,0.157718617243
0.33,0.0316227766017,1.96852026642,0.491728923712,-6.71838137665,0.19847684289
0.33,0.0398107170553,1.96731853623,0.491257762101,-6.72248527825,0.249710200246
0.33,0.0501187233627,1.96542559613,0.490513509408,-6.72895983622,0.314054302197
0.33,0.063095734448,1.96245441697,0.489340134991,-6.7391475609,0.394753367608
0.33,0.0794328234724,1.95781654445,0.48749575335,-6.75511193067,0.495749483101
0.34,0.01,2.06225498452,0.515066795539,-6.31729728247,0.0628248276022
0.34,0.01,2.06225498452,0.515066795539,-6.31729728247,0.0628248276022
0.34,0.0125892541179,2.06211177412,0.515017261555,-6.31773600874,0.079086601906
0.34,0.0158489319246,2.06188494808,0.514938782535,-6.318431017,0.0995538230911
0.34,0.0199526231497,2.06152582213,0.514814469576,-6.31953171266,0.125310285452
0.34,0.0251188643151,2.0609575709,0.514617617101,-6.32127414623,0.157715353697
0.34,0.0316227766017,2.06005926858,0.514306053552,-6.32403057918,0.198470345833
0.34,0.0398107170553,2.05864133771,0.513813325695,-6.3283863832,0.249697282705
0.34,0.0501187233627,2.05640846432,0.513035067462,-6.33525782231,0.314028671782
0.34,0.063095734448,2.0529052517,0.511808230694,-6.34606872316,0.394702675197
0.34,0.0794328234724,2.04744062062,0.509880181119,-6.36300641798,0.495649719464
0.35,0.01,2.16637573589,0.538372985843,-5.92255789651,0.0628246210231
0.35,0.01,2.16637573589,0.538372985843,-5.92255789651,0.0628246210231
0.35,0.0125892541179,2.16620569381,0.538321211202,-5.92302280345,0.0790861898761
0.35,0.0158489319246,2.1659363784,0.538239182854,-5.92375927998,0.0995530014586
0.35,0.0199526231497,2.16551000165,0.538109249297,-5.9249256349,0.125308647579
0.35,0.0251188643151,2.16483539126,0.537903500574,-5.92677197224,0.157712090445
0.35,0.0316227766017,2.16376908661,0.537577866948,-5.92969268339,0.198463849698
0.35,0.0398107170553,2.16208630067,0.537062913217,-5.93430785692,0.249684368061
0.35,0.0501187233627,2.15943716568,0.53624961297,-5.94158789397,0.314003050456
0.35,0.063095734448,2.15528287692,0.534967693125,-5.95304025231,0.39465201093
0.35,0.0794328234724,2.14880751647,0.532953460677,-5.97097954242,0.495550042374
0.36,0.01,2.285366396,0.562407494621,-5.52781980847,0.062824414447
0.36,0.01,2.285366396,0.562407494621,-5.52781980847,0.062824414447
0.36,0.0125892541179,2.28516307024,0.562353409343,-5.52831165438,0.0790857778556
0.36,0.0158489319246,2.28484105088,0.56226772085,-5.52909079979,0.0995521798555
0.36,0.0199526231497,2.28433126216,0.562131991307,-5.53032471371,0.1253070098
0.36,0.0251188643151,2.28352474868,0.561917068973,-5.53227795787,0.157708827485
0.36,0.0316227766017,2.28225013172,0.561576927189,-5.53536768728,0.198457354486
0.36,0.0398107170553,2.280239038,0.561039057036,-5.54024969438,0.249671456313
0.36,0.0501187233627,2.27707415271,0.560189629718,-5.54795003859,0.31397743821
0.36,0.063095734448,2.27211375815,0.558850930064,-5.56006211753,0.394601374777
0.36,0.0794328234724,2.26438840638,0.55674788182,-5.57903122884,0.495450451698
0.37,0.01,2.42265739732,0.587205003704,-5.13308301831,0.0628242078739
0.37,0.01,2.42265739732,0.587205003704,-5.13308301831,0.0628242078739
0.37,0.0125892541179,2.42241221373,0.587148534477,-5.13360256148,0.0790853658444
0.37,0.0158489319246,2.4220239169,0.587059069748,-5.13442557631,0.0995513582818
0.37,0.0199526231497,2.42140924287,0.586917360479,-5.13572894874,0.125305372113
0.37,0.0251188643151,2.42043689152,0.58669297396,-5.13779210231,0.157705564819
0.37,0.0316227766017,2.41890042434,0.586337865076,-5.14105558882,0.198450860195
0.37,0.0398107170553,2.41647678133,0.585776355067,-5.14621189057,0.24965854746
0.37,0.0501187233627,2.41266414444,0.584889663927,-5.15434424391,0.313951835006
0.37,0.063095734448,2.40669215317,0.583492406927,-5.16713428804,0.394550766712
0.37,0.0794328234724,2.39740015418,0.581297784492,-5.1871614022,0.495350947307
0.38,0.01,2.58282225822,0.612802432462,-4.73834752601,0.0628240013038
0.38,0.01,2.58282225822,0.612802432462,-4.73834752601,0.0628240013038
0.38,0.0125892541179,2.58252358457,0.612743502426,-4.73889552469,0.0790849538426
0.38,0.0158489319246,2.58205059701,0.612650139752,-4.7397636094,0.0995505367377
0.38,0.0199526231497,2.58130191116,0.612502258125,-4.7411383397,0.12530373452
0.38,0.0251188643151,2.58011770105,0.612268102788,-4.74331440476,0.157702302445
0.38,0.0316227766017,2.5782467989,0.611897545656,-4.74675638599,0.198444366827
0.38,0.0398107170553,2.57529644687,0.611311637349,-4.75219444046,0.2496456415
0.38,0.0501187233627,2.57065730515,0.610386490625,-4.76077049743,0.313926240837
0.38,0.063095734448,2.56339575803,0.608928812708,-4.77425673308,0.394500186706
0.38,0.0794328234724,2.55210953253,0.606639724116,-4.7953699876,0.495251529069
0.39,0.01,2.77209697323,0.639239121207,-4.34361333157,0.0628237947365
0.39,0.01,2.77209697323,0.639239121207,-4.34361333157,0.0628237947365
0.39,0.0125892541179,2.77172864483,0.639177649723,-4.34419054397,0.0790845418507
0.39,0.0158489319246,2.77114538069,0.639080261407,-4.34510489895,0.099549715223
0.39,0.0199526231497,2.77022221618,0.638926005319,-4.34655288626,0.125302097019
0.39,0.0251188643151,2.76876222186,0.638681761549,-4.34884486442,0.157699040365
0.39,0.0316227766017,2.76645609433,0.638295251355,-4.35247007679,0.198437874379
0.39,0.0398107170553,2.76282059592,0.637684149007,-4.35819733902,0.249632738433
0.39,0.0501187233627,2.75710707122,0.636719296319,-4.36722878667,0.3139006557
0.39,0.063095734448,2.7481710213,0.635199242233,-4.38142942196,0.394449634733
0.39,0.0794328234724,2.73429960932,0.632812653192,-4.40365691027,0.495152196854
0.4,0.01,2.99921090962,0.666557032938,-3.94888043496,0.0628235881719
0.4,0.01,2.99921090962,0.666557032938,-3.94888043496,0.0628235881719
0.4,0.0125892541179,2.99874981847,0.666492935335,-3.94948761926,0.0790841298685
0.4,0.0158489319246,2.99801970554,0.666391387296,-3.95044944482,0.0995488937378
0.4,0.0199526231497,2.99686422851,0.666230544537,-3.9519725881,0.125300459612
0.4,0.0251188643151,2.99503711256,0.665975876737,-3.95438348047,0.157695778577
0.4,0.0316227766017,2.99215180575,0.665572883429,-3.95819665919,0.198431382854
0.4,0.0398107170553,2.98760501304,0.664935751506,-3.96422058124,0.249619838257
0.4,0.0501187233627,2.98046363767,0.663929879948,-3.97371909915,0.313875079589
0.4,0.063095734448,2.96930499809,0.662345396652,-3.988652324,0.394399110765
0.4,0.0794328234724,2.9520089868,0.659858121055,-4.01202209555,0.495052950532
0.41,0.01,3.27677138189,0.694800975603,-3.55414883616,0.06282338161
0.41,0.01,3.27677138189,0.694800975603,-3.55414883616,0.06282338161
0.41,0.0125892541179,3.27618335801,0.694734162906,-3.5547867505,0.0790837178955
0.41,0.0158489319246,3.27525232308,0.694628314245,-3.55579724689,0.099548072282
0.41,0.0199526231497,3.27377904035,0.694460661814,-3.5573974449,0.125298822297
0.41,0.0251188643151,3.27144982301,0.694195217323,-3.55993025214,0.157692517083
0.41,0.0316227766017,3.26777269979,0.693775183896,-3.56393613118,0.198424892249
0.41,0.0398107170553,3.26198081276,0.693111144376,-3.57026416211,0.249606940971
0.41,0.0501187233627,3.25289046721,0.692062874278,-3.58024142242,0.313849512497
0.41,0.063095734448,3.2387026626,0.69041180437,-3.59592540796,0.394348614804
0.41,0.0794328234724,3.2167502475,0.687820493942,-3.62046546894,0.494953789972
0.42,0.01,3.62368612384,0.724018847353,-3.15941853516,0.0628231750509
0.42,0.01,3.62368612384,0.724018847353,-3.15941853516,0.0628231750509
0.42,0.0125892541179,3.62291851719,0.723949225984,-3.16008793765,0.0790833059321
0.42,0.0158489319246,3.6217032548,0.723838928515,-3.16114830504,0.0995472508557
0.42,0.0199526231497,3.61978048543,0.723664231877,-3.16282745635,0.125297185076
0.42,0.0251188643151,3.61674133958,0.723387639794,-3.1654851786,0.157689255881
0.42,0.0316227766017,3.6119451923,0.722949980429,-3.16968849076,0.198418402565
0.42,0.0398107170553,3.60439502197,0.722258109936,-3.17632807599,0.249594046602
0.42,0.0501187233627,3.59255566559,0.721165990196,-3.18679574402,0.313823954421
0.42,0.063095734448,3.57410316358,0.719446064773,-3.20324864205,0.394298146863
0.42,0.0794328234724,3.54561392198,0.716747197831,-3.22898695605,0.494854715044
0.43,0.01,4.06966094646,0.754261907614,-2.76468953195,0.0628229684944
0.43,0.01,4.06966094646,0.754261907614,-2.76468953195,0.0628229684944
0.43,0.0125892541179,4.06862837198,0.754189379072,-2.76539118065,0.0790828939784
0.43,0.0158489319246,4.06699380634,0.754074476807,-2.76650261914,0.0995464294589
0.43,0.0199526231497,4.06440809745,0.753892489083,-2.76826262213,0.125295547947
0.43,0.0251188643151,4.06032229155,0.753604358983,-2.77104825906,0.157685994972
0.43,0.0316227766017,4.05387734326,0.753148457031,-2.7754537359,0.198411913802
0.43,0.0398107170553,4.04373893254,0.752427783558,-2.78241231814,0.249581155126
0.43,0.0501187233627,4.02785899304,0.751290286722,-2.79338205153,0.313798405354
0.43,0.063095734448,4.00315269305,0.749499117278,-2.8106219972,0.394247706831
0.43,0.0794328234724,3.96511228332,0.746688986841,-2.83758648262,0.494755725618
0.44,0.01,4.66419197372,0.785585077198,-2.36996182651,0.0628227619407
0.44,0.01,4.66419197372,0.785585077198,-2.36996182651,0.0628227619407
0.44,0.0125892541179,4.66274659157,0.785509537706,-2.37069647945,0.0790824820339
0.44,0.0158489319246,4.66045890067,0.7853898663,-2.37186018906,0.0995456080916
0.44,0.0199526231497,4.65684089361,0.785200327385,-2.37370294192,0.125293910911
0.44,0.0251188643151,4.65112609024,0.784900247929,-2.37661949273,0.157682734356
0.44,0.0316227766017,4.64211700402,0.784425453704,-2.38123186461,0.19840542596
0.44,0.0398107170553,4.62795846437,0.783674953156,-2.3885168837,0.249568266534
0.44,0.0501187233627,4.60581474907,0.782490469949,-2.4000003325,0.313772865291
0.44,0.063095734448,4.57144300651,0.780625539991,-2.41804544287,0.39419729468
0.44,0.0794328234724,4.51870977307,0.777700240382,-2.44626397453,0.494656821564
0.45,0.01,5.49633969637,0.818047271175,-1.97523541865,0.0628225553915
0.45,0.01,5.49633969637,0.818047271175,-1.97523541865,0.0628225553915
0.45,0.0125892541179,5.49420231602,0.817968611278,-1.97600383399,0.0790820700988
0.45,0.0158489319246,5.4908200759,0.817843997436,-1.97722101455,0.0995447867557
0.45,0.0199526231497,5.48547282085,0.817646633025,-1.97914841542,0.125292273969
0.45,0.0251188643151,5.47703106751,0.817334170436,-1.9821988788,0.157679474032
0.45,0.0316227766017,5.46373420181,0.816839798815,-1.98702287487,0.198398939037
0.45,0.0398107170553,5.44286448685,0.816058391232,-1.99464176766,0.249555380825
0.45,0.0501187233627,5.41029164669,0.814825224595,-2.00665057453,0.313747334227
0.45,0.063095734448,5.35989300372,0.812883880339,-2.02551894854,0.394146910386
0.45,0.0794328234724,5.28295015815,0.809839292732,-2.05501935778,0.494558002751
0.46,0.01,6.74413364859,0.851711768668,-1.58051030845,0.0628223488455
0.46,0.01,6.74413364859,0.851711768668,-1.58051030845,0.0628223488455
0.46,0.0125892541179,6.74070921247,0.851629872841,-1.58131324423,0.0790816581731
0.46,0.0158489319246,6.73529201234,0.851500133629,-1.58258509559,0.0995439654491
0.46,0.0199526231497,6.72673179062,0.851294654187,-1.58459904229,0.125290637119
0.46,0.0251188643151,6.71322833003,0.85096935059,-1.58778641648,0.157676214002
0.46,0.0316227766017,6.69198496004,0.850454678387,-1.59282676468,0.198392453035
0.46,0.0398107170553,6.65870786445,0.849641223811,-1.600786965,0.249542497998
0.46,0.0501187233627,6.60692758684,0.848357582393,-1.6133327652,0.313721812156
0.46,0.063095734448,6.52718643833,0.84633702259,-1.63304248375,0.39409655392
0.46,0.0794328234724,6.40632049917,0.843168799227,-1.66385255851,0.494459269052
0.47,0.01,8.82265121171,0.886646624589,-1.18578649593,0.0628221423023
0.47,0.01,8.82265121171,0.886646624589,-1.18578649593,0.0628221423023
0.47,0.0125892541179,8.81641902115,0.886561370773,-1.18662471011,0.0790812462567
0.47,0.0158489319246,8.80656529924,0.886426312902,-1.18795243204,0.099543144172
0.47,0.0199526231497,8.79100732977,0.886212412504,-1.19005482224,0.125289000362
0.47,0.0251188643151,8.76649701845,0.885873784106,-1.19338210498,0.157672954264
0.47,0.0316227766017,8.72801661676,0.885338047199,-1.19864353203,0.198385967953
0.47,0.0398107170553,8.66793094089,0.884491341144,-1.20695247072,0.249529618052
0.47,0.0501187233627,8.57490046706,0.883155332188,-1.22004689213,0.313696299073
0.47,0.063095734448,8.43273060549,0.881052596999,-1.24061601806,0.394046225258
0.47,0.0794328234724,8.21973653444,0.877756143906,-1.27276350298,0.494360620336
0.48,0.01,12.9754214865,0.922925128849,-0.791063981066,0.0628219357619
0.48,0.01,12.9754214865,0.922925128849,-0.791063981066,0.0628219357619
0.48,0.0125892541179,12.9610974289,0.92283638794,-0.791938231574,0.0790808343496
0.48,0.0158489319246,12.9384730677,0.92269580697,-0.793323023777,0.0995423229242
0.48,0.0199526231497,12.9028099287,0.922473162075,-0.795515754618,0.125287363702
0.48,0.0251188643151,12.8467699098,0.922120697139,-0.798985943487,0.157669694819
0.48,0.0316227766017,12.7591433711,0.92156308732,-0.804473174928,0.198379483791
0.48,0.0398107170553,12.6231771791,0.920681855809,-0.813138279806,0.249516740987
0.48,0.0501187233627,12.4147026955,0.919291477351,-0.826792942925,0.313670794973
0.48,0.063095734448,12.1008138883,0.917103436145,-0.848239521065,0.393995924372
0.48,0.0794328234724,11.6409003985,0.913673894195,-0.881752117596,0.494262056474
0.49,0.01,25.3997231883,0.960626319583,-0.396342763835,0.0628217292244
0.49,0.01,25.3997231883,0.960626319583,-0.396342763835,0.0628217292244
0.49,0.0125892541179,25.341472559,0.960533954886,-0.397253808582,0.0790804224517
0.49,0.0158489319246,25.2497504547,0.960387634362,-0.398696870576,0.0995415017069
0.49,0.0199526231497,25.1058664089,0.960155902368,-0.40098183927,0.125285727136
0.49,0.0251188643151,24.8814828556,0.95978905907,-0.404597931222,0.157666435666
0.49,0.0316227766017,24.534758726,0.959208720592,-0.410315691365,0.198373000548
0.49,0.0398107170553,24.006513012,0.958291614704,-0.419344387253,0.2495038668
0.49,0.0501187233627,23.2188008189,0.95684474701,-0.433570905218,0.31364529985
0.49,0.063095734448,22.080961322,0.954568084967,-0.455912962407,0.393945651237
0.49,0.0794328234724,20.5106368212,0.951000309084,-0.490818328892,0.494163577337
0.5,0.01,6081.67085972,0.999835557982,-0.00162284421975,0.0628215226898
0.5,0.01,6081.67085972,0.999835557982,-0.00162284421975,0.0628215226898
0.5,0.0125892541179,3838.16081643,0.999739424596,-0.00257144108158,0.079080010563
0.5,0.0158489319246,2422.59974701,0.99958713507,-0.00407397235687,0.0995406805192
0.5,0.0199526231497,1529.44184834,0.999345952818,-0.00645307594517,0.125284090662
0.5,0.0251188643151,965.897368378,0.998964156832,-0.0102180673892,0.157663176806
0.5,0.0316227766017,610.324406362,0.9983601826,-0.0161710793444,0.198366518224
0.5,0.0398107170553,385.971850985,0.997405772479,-0.0255707880663,0.24949099549
0.5,0.0501187233627,244.41349733,0.99590016862,-0.0403807666472,0.313619813699
0.5,0.063095734448,155.093909873,0.993531372,-0.0636363117623,0.393895405826
0.5,0.0794328234724,98.7335000036,0.98981990828,-0.099962063542,0.494065182796
0.51,0.01,inf,1.04064517349,0.3930957778,0.062821316158
0.51,0.01,inf,1.04064517349,0.3930957778,0.062821316158
0.51,0.0125892541179,inf,1.04054511765,0.392108870959,0.0790795986834
0.51,0.0158489319246,inf,1.04038661562,0.390545670981,0.0995398593607
0.51,0.0199526231497,inf,1.04013559772,0.388070535677,0.125282454281
0.51,0.0251188643151,inf,1.03973823956,0.384153648802,0.157659918239
0.51,0.0316227766017,inf,1.03910966694,0.37796066313,0.19836003682
0.51,0.0398107170553,inf,1.03811643518,0.368182522751,0.249478127058
0.51,0.0501187233627,inf,1.03654971065,0.352777485134,0.313594336515
0.51,0.063095734448,inf,1.03408505056,0.328590461156,0.393845188113
0.51,0.0794328234724,inf,1.03022411106,0.290816751641,0.493966872724
0.52,0.01,inf,1.08315518969,0.787813102244,0.0628211096291
0.52,0.01,inf,1.08315518969,0.787813102244,0.0628211096291
0.52,0.0125892541179,inf,1.083051048,0.78678712758,0.0790791868129
0.52,0.0158489319246,inf,1.08288607476,0.785162059567,0.0995390382315
0.52,0.0199526231497,inf,1.08262481173,0.782588995921,0.125280817992
0.52,0.0251188643151,inf,1.0822112438,0.778517218138,0.157656659965
0.52,0.0316227766017,inf,1.08155705,0.772079538052,0.198353556335
0.52,0.0398107170553,inf,1.08052338437,0.761915550189,0.249465261501
0.52,0.0501187233627,inf,1.07889300563,0.745903862462,0.313568868292
0.52,0.063095734448,inf,1.07632852006,0.720767386597,0.393794998072
0.52,0.0794328234724,inf,1.07231195496,0.681518189703,0.493868646993
0.53,0.01,inf,1.12747414278,1.18252912913,0.0628209031031
0.53,0.01,inf,1.12747414278,1.18252912913,0.0628209031031
0.53,0.0125892541179,inf,1.12736574143,1.18146332882,0.0790787749515
0.53,0.0158489319246,inf,1.12719402176,1.1797751936,0.099538217132
0.53,0.0199526231497,inf,1.12692207798,1.17710230511,0.125279181796
0.53,0.0251188643151,inf,1.12649161137,1.17287264141,0.157653401983
0.53,0.0316227766017,inf,1.12581070831,1.16618554741,0.198347076768
0.53,0.0398107170553,inf,1.12473489364,1.15562829923,0.24945239882
0.53,0.0501187233627,inf,1.12303816541,1.13899837766,0.313543409026
0.53,0.063095734448,inf,1.12036963945,1.11289449477,0.393744835676
0.53,0.0794328234724,inf,1.11619090627,1.07214232355,0.493770505475
0.54,0.01,inf,1.17372000691,1.57724385848,0.06282069658
0.54,0.01,inf,1.17372000691,1.57724385848,0.06282069658
0.54,0.0125892541179,inf,1.17360716075,1.57613747472,0.0790783630992
0.54,0.0158489319246,inf,1.17342840147,1.57438507318,0.099537396062
0.54,0.0199526231497,inf,1.17314531292,1.57161046356,0.125277545693
0.54,0.0251188643151,inf,1.17269721378,1.5672199194,0.157650144293
0.54,0.0316227766017,inf,1.1719884424,1.56027869321,0.19834059812
0.54,0.0398107170553,inf,1.1708686517,1.54932077487,0.249439539012
0.54,0.0501187233627,inf,1.16910270291,1.53206104303,0.31351795871
0.54,0.063095734448,inf,1.16632564671,1.50497181584,0.3936947009
0.54,0.0794328234724,inf,1.16197777688,1.46268923308,0.4936724481
0.55,0.01,inf,1.22202124281,1.9719572903,0.0628204900598
0.55,0.01,inf,1.22202124281,1.9719572903,0.0628204900598
0.55,0.0125892541179,inf,1.22190375435,1.97080956532,0.079077951256
0.55,0.0158489319246,inf,1.22171764275,1.9689916984,0.0995365750211
0.55,0.0199526231497,inf,1.22142291446,1.9661134716,0.125275909682
0.55,0.0251188643151,inf,1.22095640003,1.96155905312,0.157646886898
0.55,0.0316227766017,inf,1.22021852401,1.95435897741,0.198334120391
0.55,0.0398107170553,inf,1.21905280844,1.94299298207,0.249426682076
0.55,0.0501187233627,inf,1.21721457662,1.92509187088,0.31349251734
0.55,0.063095734448,inf,1.21432420099,1.89699937995,0.393644593716
0.55,0.0794328234724,inf,1.2097997614,1.85315899282,0.49357447472
0.56,0.01,inf,1.27251798948,2.36666942462,0.0628202835424
0.56,0.01,inf,1.27251798948,2.36666942462,0.0628202835424
0.56,0.0125892541179,inf,1.27239564776,2.36547960065,0.079077539422
0.56,0.0158489319246,inf,1.2722018498,2.3635950694,0.0995357540094
0.56,0.0199526231497,inf,1.27189495304,2.3606113294,0.125274273764
0.56,0.0251188643151,inf,1.27140918735,2.35589004459,0.157643629801
0.56,0.0316227766017,inf,1.27064088591,2.34842640202,0.198327643579
0.56,0.0398107170553,inf,1.26942716379,2.33664492581,0.249413828013
0.56,0.0501187233627,inf,1.26751337764,2.31809087349,0.31346708491
0.56,0.063095734448,inf,1.26450456681,2.28897721718,0.3935945141
0.56,0.0794328234724,inf,1.25979561647,2.24355166707,0.49347658513
0.57,0.01,inf,1.32536342208,2.76138026146,0.062820077028
0.57,0.01,inf,1.32536342208,2.76138026146,0.062820077028
0.57,0.0125892541179,inf,1.32523600141,2.76014758074,0.079077127597
0.57,0.0158489319246,inf,1.32503415976,2.75819518638,0.0995349330272
0.57,0.0199526231497,inf,1.32471452893,2.75510403733,0.125272637938
0.57,0.0251188643151,inf,1.32420861752,2.75021289344,0.157640372996
0.57,0.0316227766017,inf,1.32340847789,2.742480969,0.198321167686
0.57,0.0398107170553,inf,1.32214452228,2.73027661106,0.24940097682
0.57,0.0501187233627,inf,1.32015168227,2.71105806312,0.313441661415
0.57,0.063095734448,inf,1.3170189635,2.68090535758,0.393544462024
0.57,0.0794328234724,inf,1.3121170073,2.63386732827,0.493378779207
0.58,0.01,inf,1.38072530388,3.15608980082,0.0628198705165
0.58,0.01,inf,1.38072530388,3.15608980082,0.0628198705165
0.58,0.0125892541179,inf,1.38059256247,3.15481350563,0.0790767157812
0.58,0.0158489319246,inf,1.38038229426,3.15279204937,0.0995341120741
0.58,0.0199526231497,inf,1.38004932336,3.1495915958,0.125271002206
0.58,0.0251188643151,inf,1.3795223079,3.14452760045,0.157637116482
0.58,0.0316227766017,inf,1.37868881637,3.13652268034,0.198314692711
0.58,0.0398107170553,inf,1.37737224128,3.12388804278,0.249388128497
0.58,0.0501187233627,inf,1.3752965979,3.10399345202,0.31341624685
0.58,0.063095734448,inf,1.37203410751,3.07278383115,0.393494437463
0.58,0.0794328234724,inf,1.36693004338,3.02410604872,0.49328105683
0.59,0.01,inf,1.43878776533,3.55079804272,0.0628196640079
0.59,0.01,inf,1.43878776533,3.55079804272,0.0628196640079
0.59,0.0125892541179,inf,1.43864944372,3.54947737579,0.0790763039753
0.59,0.0158489319246,inf,1.43843033803,3.54738565855,0.0995332911503
0.59,0.0199526231497,inf,1.43808337672,3.54407400512,0.125269366565
0.59,0.0251188643151,inf,1.43753422875,3.53883416643,0.15763386026
0.59,0.0316227766017,inf,1.43666576086,3.530551538,0.198308218654
0.59,0.0398107170553,inf,1.43529400571,3.51747922593,0.249375283042
0.59,0.0501187233627,inf,1.43313153505,3.49689705243,0.31339084121
0.59,0.063095734448,inf,1.42973298028,3.46461266785,0.393444440391
0.59,0.0794328234724,inf,1.42441704001,3.41426790059,0.493183417875
0.6,0.01,inf,1.49975334989,3.94550498718,0.0628194575022
0.6,0.01,inf,1.49975334989,3.94550498718,0.0628194575022
0.6,0.0125892541179,inf,1.49960916919,3.94413919136,0.0790758921793
0.6,0.0158489319246,inf,1.49938078427,3.94197601405,0.0995324702558
0.6,0.0199526231497,inf,1.49901913343,3.93855126563,0.125267731018
0.6,0.0251188643151,inf,1.49844674735,3.93313259219,0.15763060433
0.6,0.0316227766017,inf,1.49754155681,3.92456754396,0.198301745514
0.6,0.0398107170553,inf,1.49611186895,3.91105016546,0.249362440456
0.6,0.0501187233627,inf,1.49385824534,3.88976887656,0.313365444489
0.6,0.063095734448,inf,1.49031686142,3.85639189759,0.393394470783
0.6,0.0794328234724,inf,1.48477854403,3.80435295594,0.49308586222
0.61,0.01,inf,1.56384537472,4.34021063421,0.0628192509994
0.61,0.01,inf,1.56384537472,4.34021063421,0.0628192509994
0.61,0.0125892541179,inf,1.56369503453,4.338798952,0.0790754803925
0.61,0.0158489319246,inf,1.56345689469,4.33656311597,0.0995316493904
0.61,0.0199526231497,inf,1.56307980142,4.3330233775,0.125266095563
0.61,0.0251188643151,inf,1.5624829866,4.32742287854,0.15762734869
0.61,0.0316227766017,inf,1.56153919277,4.31857070018,0.198295273292
0.61,0.0398107170553,inf,1.56004860783,4.30460086632,0.249349600736
0.61,0.0501187233627,inf,1.55769917282,4.28260893662,0.313340056682
0.61,0.063095734448,inf,1.55400767457,4.24812155024,0.393344528611
0.61,0.0794328234724,inf,1.54823567117,4.19436128668,0.492988389743
0.62,0.01,inf,1.63131066406,4.73491498383,0.0628190444996
0.62,0.01,inf,1.63131066406,4.73491498383,0.0628190444996
0.62,0.0125892541179,inf,1.63115384027,4.73345665776,0.0790750686149
0.62,0.0158489319246,inf,1.63090543227,4.73114696445,0.0995308285543
0.62,0.0199526231497,inf,1.63051208418,4.72749034079,0.125264460201
0.62,0.0251188643151,inf,1.62988955603,4.72170502626,0.157624093342
0.62,0.0316227766017,inf,1.62890512981,4.71256100862,0.198288801988
0.62,0.0398107170553,inf,1.62735044937,4.69813133344,0.249336763882
0.62,0.0501187233627,inf,1.62490017672,4.67541724477,0.313314677785
0.62,0.063095734448,inf,1.62105070377,4.63980165559,0.393294613851
0.62,0.0794328234724,inf,1.61503281251,4.5842929646,0.492891000321
0.63,0.01,inf,1.70242272585,5.12961803618,0.0628188380027
0.63,0.01,inf,1.70242272585,5.12961803618,0.0628188380027
0.63,0.0125892541179,inf,1.70225906806,5.12811230868,0.0790746568466
0.63,0.0158489319246,inf,1.70199983704,5.12572755963,0.0995300077475
0.63,0.0199526231497,inf,1.70158935611,5.12195215768,0.125262824933
0.63,0.0251188643151,inf,1.70093972565,5.11597903618,0.157620838286
0.63,0.0316227766017,inf,1.6999124734,5.10653847122,0.198282331601
0.63,0.0398107170553,inf,1.69829023973,5.09164157176,0.249323929893
0.63,0.0501187233627,inf,1.69573369565,5.06819381318,0.313289307793
0.63,0.063095734448,inf,1.69171775025,5.0314322434,0.393244726478
0.63,0.0794328234724,inf,1.68544077979,4.97414806134,0.492793693832
0.64,0.01,inf,1.77748545782,5.5243197914,0.0628186315089
0.64,0.01,inf,1.77748545782,5.5243197914,0.0628186315089
0.64,0.0125892541179,inf,1.7773145864,5.52276590483,0.0790742450875
0.64,0.0158489319246,inf,1.77704393127,5.52030490156,0.0995291869698
0.64,0.0199526231497,inf,1.77661536613,5.51640882708,0.125261189757
0.64,0.0251188643151,inf,1.77593712877,5.51024490862,0.157617583522
0.64,0.0316227766017,inf,1.77486467409,5.50050308994,0.198275862131
0.64,0.0398107170553,inf,1.7731711413,5.48513158621,0.249311098768
0.64,0.0501187233627,inf,1.77050243916,5.46093865397,0.3132639467
0.64,0.063095734448,inf,1.76631081538,5.42301334336,0.393194866465
0.64,0.0794328234724,inf,1.75976047494,5.36392664842,0.492696470155
0.65,0.01,inf,1.8568374888,5.91902024931,0.0628184250181
0.65,0.01,inf,1.8568374888,5.91902024931,0.0628184250181
0.65,0.0125892541179,inf,1.85665899162,5.91741744625,0.0790738333377
0.65,0.0158489319246,inf,1.85637625975,5.91487899034,0.0995283662214
0.65,0.0199526231497,inf,1.8559285775,5.91086034932,0.125259554674
0.65,0.0251188643151,inf,1.85522009972,5.90450264484,0.157614329049
0.65,0.0316227766017,inf,1.85409986273,5.89445486878,0.198269393581
0.65,0.0398107170553,inf,1.85233096359,5.87860138171,0.249298270506
0.65,0.0501187233627,inf,1.8495437122,5.85365177924,0.313238594502
0.65,0.063095734448,inf,1.84516641494,5.81454498508,0.393145033789
0.65,0.0794328234724,inf,1.83832718867,5.75362879722,0.492599329168
0.66,0.01,inf,1.94085728636,6.31371940994,0.0628182185302
0.66,0.01,inf,1.94085728636,6.31371940994,0.0628182185302
0.66,0.0125892541179,inf,1.94067071493,6.31206693298,0.0790734215971
0.66,0.0158489319246,inf,1.9403751961,6.30944982609,0.0995275455022
0.66,0.0199526231497,inf,1.9399072727,6.30530672477,0.125257919683
0.66,0.0251188643151,inf,1.93916677685,6.29875224564,0.157611074867
0.66,0.0316227766017,inf,1.93799594987,6.28839380863,0.198262925947
0.66,0.0398107170553,inf,1.93614725844,6.27205096316,0.249285445106
0.66,0.0501187233627,inf,1.93323450262,6.24633320107,0.313213251193
0.66,0.063095734448,inf,1.92866065485,6.20602719812,0.393095228424
0.66,0.0794328234724,inf,1.92151565766,6.14325457894,0.492502270748
0.67,0.01,inf,2.02996919291,6.7084172733,0.0628180120452
0.67,0.01,inf,2.02996919291,6.7084172733,0.0628180120452
0.67,0.0125892541179,inf,2.02977405795,6.70671436508,0.0790730098658
0.67,0.0158489319246,inf,2.0294649774,6.70401740891,0.0995267248123
0.67,0.0199526231497,inf,2.02897558665,6.699747954,0.125256284785
0.67,0.0251188643151,inf,2.02820113345,6.69299371185,0.157607820978
0.67,0.0316227766017,inf,2.02697665348,6.68231991093,0.19825645923
0.67,0.0398107170553,inf,2.02504334152,6.66548033548,0.249272622567
0.67,0.0501187233627,inf,2.02199749379,6.63898293149,0.313187916771
0.67,0.063095734448,inf,2.01721522957,6.59746001194,0.393045450346
0.67,0.0794328234724,inf,2.00974604123,6.53280406465,0.492405294776
0.68,0.01,inf,2.12465059368,7.10311383941,0.0628178055631
0.68,0.01,inf,2.12465059368,7.10311383941,0.0628178055631
0.68,0.0125892541179,inf,2.12444636005,7.1013597426,0.0790725981437
0.68,0.0158489319246,inf,2.12412287034,7.0985817389,0.0995259041517
0.68,0.0199526231497,inf,2.12361067108,7.09418403703,0.125254649978
0.68,0.0251188643151,inf,2.12280013947,7.08722704425,0.157604567379
0.68,0.0316227766017,inf,2.12151865637,7.07623317767,0.198249993427
0.68,0.0398107170553,inf,2.11949544295,7.05888950355,0.249259802888
0.68,0.0501187233627,inf,2.11630820449,7.03160098252,0.313162591229
0.68,0.063095734448,inf,2.11130454539,6.98884345593,0.392995699531
0.68,0.0794328234724,inf,2.10349101858,6.92227732525,0.492308401131
0.69,0.01,inf,2.22544047198,7.49780910829,0.062817599084
0.69,0.01,inf,2.22544047198,7.49780910829,0.062817599084
0.69,0.0125892541179,inf,2.22522655275,7.49600306557,0.0790721864309
0.69,0.0158489319246,inf,2.22488772446,7.49314281616,0.0995250835204
0.69,0.0199526231497,inf,2.2243512457,7.4886149742,0.125253015264
0.69,0.0251188643151,inf,2.22350230936,7.48145224367,0.157601314072
0.69,0.0316227766017,inf,2.22216014877,7.47013361084,0.19824352854
0.69,0.0398107170553,inf,2.22004124193,7.45227847225,0.249246986069
0.69,0.0501187233627,inf,2.21670351077,7.4241873661,0.313137274563
0.69,0.063095734448,inf,2.21146422231,7.38017755936,0.392945975956
0.69,0.0794328234724,inf,2.2032842598,7.31167443144,0.492211589693
0.7,0.01,inf,2.33294967554,7.89250307997,0.0628173926078
0.7,0.01,inf,2.33294967554,7.89250307997,0.0628173926078
0.7,0.0125892541179,inf,2.3327254251,7.89064433404,0.0790717747275
0.7,0.0158489319246,inf,2.33237023585,7.88770064077,0.0995242629184
0.7,0.0199526231497,inf,2.33180785954,7.88304076582,0.125251380643
0.7,0.0251188643151,inf,2.33091795949,7.87566931059,0.157598061057
0.7,0.0316227766017,inf,2.32951107964,7.86402121239,0.198237064568
0.7,0.0398107170553,inf,2.3272901082,7.84564724647,0.249234172108
0.7,0.0501187233627,inf,2.32379187213,7.81674209416,0.313111966771
0.7,0.063095734448,inf,2.31830130042,7.77146238377,0.392896279519
0.7,0.0794328234724,inf,2.30973059097,7.70099545376,0.492114860342
0.71,0.01,inf,2.447873307,8.28719575445,0.0628171861345
0.71,0.01,inf,2.447873307,8.28719575445,0.0628171861345
0.71,0.0125892541179,inf,2.44763801292,8.28528354805,0.0790713630333
0.71,0.0158489319246,inf,2.44726533458,8.28225521282,0.0995234423458
0.71,0.0199526231497,inf,2.4466752753,8.27746141237,0.125249746114
0.71,0.0251188643151,inf,2.44574158774,8.26987824533,0.157594808333
0.71,0.0316227766017,inf,2.44426552882,8.25789598433,0.198230601511
0.71,0.0398107170553,inf,2.4419354625,8.23899583106,0.249221361005
0.71,0.0501187233627,inf,2.43826567353,8.20926517855,0.313086667847
0.71,0.063095734448,inf,2.43250654284,8.16269794121,0.392846610207
0.71,0.0794328234724,inf,2.42351826244,8.09024046251,0.49201821296
0.72,0.01,inf,2.57100576934,8.68188713177,0.0628169796642
0.72,0.01,inf,2.57100576934,8.68188713177,0.0628169796642
0.72,0.0125892541179,inf,2.57075864288,8.67992070765,0.0790709513484
0.72,0.0158489319246,inf,2.57036722642,8.6768065324,0.0995226218026
0.72,0.0199526231497,inf,2.56974750746,8.6718769141,0.125248111676
0.72,0.0251188643151,inf,2.56876690614,8.66407904937,0.157591555902
0.72,0.0316227766017,inf,2.56721673066,8.65175793053,0.198224139368
0.72,0.0398107170553,inf,2.56476978566,8.63232423086,0.249208552759
0.72,0.0501187233627,inf,2.56091621418,8.60175664706,0.313061377759
0.72,0.063095734448,inf,2.55486939409,8.5538842497,0.39279696802
0.72,0.0794328234724,inf,2.54543384604,8.47940952776,0.491921647431
0.73,0.01,inf,2.70325915488,9.07657721193,0.0628167731969
0.73,0.01,inf,2.70325915488,9.07657721193,0.0628167731969
0.73,0.0125892541179,inf,2.70299931966,9.07455581287,0.0790705396728
0.73,0.0158489319246,inf,2.70258777728,9.07135459958,0.0995218012888
0.73,0.0199526231497,inf,2.70193620226,9.06628727123,0.125246477332
0.73,0.0251188643151,inf,2.70090521361,9.05827172353,0.157588303761
0.73,0.0316227766017,inf,2.69927543545,9.04560705296,0.198217678139
0.73,0.0398107170553,inf,2.69670296332,9.02563245221,0.24919574737
0.73,0.0501187233627,inf,2.69265202111,8.99421651583,0.313036096482
0.73,0.063095734448,inf,2.68629625504,8.94502133858,0.392747352934
0.73,0.0794328234724,inf,2.67638044275,8.86850271936,0.49182516364
0.74,0.01,inf,2.84568587783,9.47126599496,0.0628165667324
0.74,0.01,inf,2.84568587783,9.47126599496,0.0628165667324
0.74,0.0125892541179,inf,2.84541235635,9.46918886375,0.0790701280065
0.74,0.0158489319246,inf,2.84497914028,9.46589941561,0.099520980804
0.74,0.0199526231497,inf,2.84429325925,9.46069248411,0.125244843079
0.74,0.0251188643151,inf,2.84320800887,9.45245626859,0.157585051912
0.74,0.0316227766017,inf,2.84149250868,9.43944335209,0.198211217823
0.74,0.0398107170553,inf,2.8387848636,9.41892050237,0.249182944835
0.74,0.0501187233627,inf,2.83452139181,9.38664478022,0.313010824036
0.74,0.063095734448,inf,2.82783297285,9.33610923714,0.392697764925
0.74,0.0794328234724,inf,2.81740009212,9.25752010682,0.491728761473
0.75,0.01,inf,2.99950673869,9.86595348087,0.062816360271
0.75,0.01,inf,2.99950673869,9.86595348087,0.062816360271
0.75,0.0125892541179,inf,2.99921843613,9.86381986033,0.0790697163496
0.75,0.0158489319246,inf,2.99876181294,9.86044098116,0.0995201603481
0.75,0.0199526231497,inf,2.9980388819,9.8550925532,0.125243208919
0.75,0.0251188643151,inf,2.99689503078,9.84663268752,0.157581800353
0.75,0.0316227766017,inf,2.99508695456,9.8332668299,0.19820475842
0.75,0.0398107170553,inf,2.99223333277,9.8121883832,0.249170145152
0.75,0.0501187233627,inf,2.9877403539,9.77904145226,0.312985560417
0.75,0.063095734448,inf,2.98069273022,9.72714797463,0.392648203969
0.75,0.0794328234724,inf,2.96970156003,9.64646175937,0.491632440819
0.76,0.01,inf,3.16614600469,10.2606396697,0.0628161538124
0.76,0.01,inf,3.16614600469,10.2606396697,0.0628161538124
0.76,0.0125892541179,inf,3.16584168939,10.2584488026,0.079069304702
0.76,0.0158489319246,inf,3.16535970877,10.254979295,0.0995193399215
0.76,0.0199526231497,inf,3.16459664091,10.2494874786,0.125241574851
0.76,0.0251188643151,inf,3.1633893075,10.2408009801,0.157578549083
0.76,0.0316227766017,inf,3.16148094468,10.2270774884,0.19819829993
0.76,0.0398107170553,inf,3.15846919191,10.2054360996,0.24915734832
0.76,0.0501187233627,inf,3.15372760625,10.171406544,0.31296030562
0.76,0.063095734448,inf,3.14629090698,10.1181375802,0.392598670044
0.76,0.0794328234724,inf,3.1346950751,10.0353277581,0.491536201505
0.77,0.01,inf,3.34727564171,10.6553245614,0.0628159473569
0.77,0.01,inf,3.34727564171,10.6553245614,0.0628159473569
0.77,0.0125892541179,inf,3.34695392136,10.6530756907,0.0790688930637
0.77,0.0158489319246,inf,3.34644437863,10.6495143574,0.0995185195242
0.77,0.0199526231497,inf,3.3456376845,10.6438772608,0.125239940876
0.77,0.0251188643151,inf,3.34436135046,10.6349611467,0.157575298104
0.77,0.0316227766017,inf,3.3423439848,10.6208753296,0.198191842352
0.77,0.0398107170553,inf,3.33916036145,10.5986636565,0.249144554338
0.77,0.0501187233627,inf,3.33414857799,10.5637400673,0.312935059641
0.77,0.063095734448,inf,3.32628903594,10.5090780831,0.392549163127
0.77,0.0794328234724,inf,3.31403613664,10.4241182736,0.491440042829
0.78,0.01,inf,3.54487160945,11.0500081561,0.0628157409042
0.78,0.01,inf,3.54487160945,11.0500081561,0.0628157409042
0.78,0.0125892541179,inf,3.5445309019,11.0477005247,0.0790684814347
0.78,0.0158489319246,inf,3.54399129168,11.0440461683,0.0995176991562
0.78,0.0199526231497,inf,3.54313700602,11.0382619,0.125238306993
0.78,0.0251188643151,inf,3.5417854005,11.029113188,0.157572047415
0.78,0.0316227766017,inf,3.53964912719,11.0146603554,0.198185385686
0.78,0.0398107170553,inf,3.53627802008,10.9918710589,0.249131763205
0.78,0.0501187233627,inf,3.53097150353,10.9560420343,0.312909822476
0.78,0.063095734448,inf,3.52265074684,10.8999695123,0.392499683193
0.78,0.0794328234724,inf,3.5096812103,10.8128332676,0.49134396521
0.79,0.01,inf,3.76128624085,11.4446904537,0.0628155344546
0.79,0.01,inf,3.76128624085,11.4446904537,0.0628155344546
0.79,0.0125892541179,inf,3.76092473807,11.4423233055,0.0790680698146
0.79,0.0158489319246,inf,3.76035219697,11.4385747279,0.0995168788176
0.79,0.0199526231497,inf,3.75944578802,11.4326413965,0.125236673203
0.79,0.0251188643151,inf,3.75801174427,11.4232571045,0.157568797017
0.79,0.0316227766017,inf,3.7557452436,11.4084325679,0.198178929933
0.79,0.0398107170553,inf,3.75216880906,11.3850583115,0.249118974919
0.79,0.0501187233627,inf,3.74653951907,11.3483124569,0.312884594119
0.79,0.063095734448,inf,3.73771369406,11.2908118967,0.39245023022
0.79,0.0794328234724,inf,3.72395944024,11.2014728095,0.491247968538
0.8,0.01,inf,3.99934233548,11.8393714542,0.0628153280079
0.8,0.01,inf,3.99934233548,11.8393714542,0.0628153280079
0.8,0.0125892541179,inf,3.99895795806,11.8369440324,0.0790676582038
0.8,0.0158489319246,inf,3.99834919332,11.8331000363,0.0995160585083
0.8,0.0199526231497,inf,3.99738544956,11.8270157506,0.125235039505
0.8,0.0251188643151,inf,3.99586072581,11.8173928969,0.157565546909
0.8,0.0316227766017,inf,3.9934509805,11.8021919712,0.198172475089
0.8,0.0398107170553,inf,3.98964869796,11.7782254192,0.249106189481
0.8,0.0501187233627,inf,3.98366438806,11.7405513469,0.312859374567
0.8,0.063095734448,inf,3.97428306291,11.6816052654,0.392400804185
0.8,0.0794328234724,inf,3.95966579941,11.5900369682,0.491152052701
0.81,0.01,inf,4.26245696647,12.2340511578,0.0628151215641
0.81,0.01,inf,4.26245696647,12.2340511578,0.0628151215641
0.81,0.0125892541179,inf,4.2620473067,12.2315627054,0.0790672466023
0.81,0.0158489319246,inf,4.26139850565,12.2276220937,0.0995152382284
0.81,0.0199526231497,inf,4.26037139265,12.2213849624,0.125233405899
0.81,0.0251188643151,inf,4.25874644584,12.211520566,0.157562297091
0.81,0.0316227766017,inf,4.25617838307,12.1959385665,0.198166021155
0.81,0.0398107170553,inf,4.25212649217,12.1713723881,0.249093406887
0.81,0.0501187233627,inf,4.24574982413,12.1327587163,0.312834163814
0.81,0.063095734448,inf,4.23575460399,12.0723496473,0.392351405065
0.81,0.0794328234724,inf,4.22018367615,11.9785258127,0.491056217589
0.82,0.01,inf,4.55480655654,12.6287295643,0.0628149151233
0.82,0.01,inf,4.55480655654,12.6287295643,0.0628149151233
0.82,0.0125892541179,inf,4.55436880543,12.6261793244,0.0790668350101
0.82,0.0158489319246,inf,4.55367551994,12.6221409002,0.0995144179778
0.82,0.0199526231497,inf,4.55257799755,12.6157490322,0.125231772387
0.82,0.0251188643151,inf,4.5508416941,12.6056401126,0.157559047565
0.82,0.0316227766017,inf,4.54809772869,12.5896723546,0.198159568132
0.82,0.0398107170553,inf,4.54376851025,12.5644992283,0.249080627133
0.82,0.0501187233627,inf,4.53695592173,12.5249345769,0.312808961858
0.82,0.063095734448,inf,4.52627867914,12.4630450709,0.392302032838
0.82,0.0794328234724,inf,4.50964832287,12.3669394116,0.490960463092
0.83,0.01,inf,4.88155021616,13.023406674,0.0628147086854
0.83,0.01,inf,4.88155021616,13.023406674,0.0628147086854
0.83,0.0125892541179,inf,4.88108106897,13.0207938897,0.0790664234272
0.83,0.0158489319246,inf,4.88033806595,13.0166564558,0.0995135977566
0.83,0.0199526231497,inf,4.87916185162,13.0101079604,0.125230138967
0.83,0.0251188643151,inf,4.87730109323,12.9997515376,0.157555798328
0.83,0.0316227766017,inf,4.87436053674,12.9833933375,0.19815311602
0.83,0.0398107170553,inf,4.86972137878,12.9576059392,0.249067850219
0.83,0.0501187233627,inf,4.86242162149,12.9170789427,0.3127837687
0.83,0.063095734448,inf,4.85098220594,12.8536915651,0.392252687482
0.83,0.0794328234724,inf,4.83316799251,12.7552778337,0.490864789099
0.84,0.01,inf,5.24913683339,13.418082487,0.0628145022504
0.84,0.01,inf,5.24913683339,13.418082487,0.0628145022504
0.84,0.0125892541179,inf,5.24863236572,13.4154064013,0.0790660118537
0.84,0.0158489319246,inf,5.24783343087,13.4111687608,0.0995127775648
0.84,0.0199526231497,inf,5.24656868907,13.404461747,0.12522850564
0.84,0.0251188643151,inf,5.24456792164,13.3938548424,0.157552549381
0.84,0.0316227766017,inf,5.2414062064,13.3771015172,0.198146664819
0.84,0.0398107170553,inf,5.2364183822,13.3506925256,0.249055076147
0.84,0.0501187233627,inf,5.22857059892,13.3091918264,0.312758584331
0.84,0.063095734448,inf,5.21627383132,13.2442891584,0.392203368974
0.84,0.0794328234724,inf,5.19712800128,13.1435411471,0.490769195503
0.85,0.01,inf,5.66573499969,13.8127570031,0.0628142958182
0.85,0.01,inf,5.66573499969,13.8127570031,0.0628142958182
0.85,0.0125892541179,inf,5.66519050232,13.8100168591,0.0790656002894
0.85,0.0158489319246,inf,5.6643281785,13.8056778151,0.0995119574024
0.85,0.0199526231497,inf,5.66296310655,13.7988103925,0.125226872406
0.85,0.0251188643151,inf,5.66080366503,13.7879500271,0.157549300725
0.85,0.0316227766017,inf,5.65739131001,13.7707968958,0.198140214528
0.85,0.0398107170553,inf,5.65200834748,13.7437589925,0.249042304913
0.85,0.0501187233627,inf,5.6435395092,13.7012732389,0.31273340874
0.85,0.063095734448,inf,5.63027117508,13.6348378808,0.39215407729
0.85,0.0794328234724,inf,5.60961641632,13.5317294201,0.490673682193
0.86,0.01,inf,6.14184718987,14.2074302224,0.062814089389
0.86,0.01,inf,6.14184718987,14.2074302224,0.062814089389
0.86,0.0125892541179,inf,6.14125694446,14.2046252633,0.0790651887344
0.86,0.0158489319246,inf,6.14032217654,14.200183619,0.0995111372695
0.86,0.0199526231497,inf,6.13884244264,14.1931538969,0.125225239265
0.86,0.0251188643151,inf,6.13650166234,14.1820370925,0.157546052358
0.86,0.0316227766017,inf,6.13280286911,14.1644794751,0.198133765147
0.86,0.0398107170553,inf,6.12696833786,14.1368053448,0.249029536518
0.86,0.0501187233627,inf,6.11778976646,14.0933231922,0.312708241922
0.86,0.063095734448,inf,6.10341118142,14.025337782,0.392104812356
0.86,0.0794328234724,inf,6.08103218111,13.9198427206,0.490578249063
0.87,0.01,inf,6.69120740944,14.6021021447,0.0628138829628
0.87,0.01,inf,6.69120740944,14.6021021447,0.0628138829628
0.87,0.0125892541179,inf,6.69056437802,14.5992316138,0.0790647771887
0.87,0.0158489319246,inf,6.68954602123,14.5946861725,0.099510317166
0.87,0.0199526231497,inf,6.68793398621,14.5874922605,0.125223606217
0.87,0.0251188643151,inf,6.68538397214,14.5761160394,0.157542804283
0.87,0.0316227766017,inf,6.68135468113,14.5581492572,0.198127316676
0.87,0.0398107170553,inf,6.67499912836,14.5298315874,0.24901677096
0.87,0.0501187233627,inf,6.66500168149,14.4853416981,0.312683083873
0.87,0.063095734448,inf,6.64934215245,14.4157888732,0.392055574181
0.87,0.0794328234724,inf,6.62497391398,14.3078811162,0.490482896005
0.88,0.01,inf,7.33212766575,14.9967727703,0.0628136765395
0.88,0.01,inf,7.33212766575,14.9967727703,0.0628136765395
0.88,0.0125892541179,inf,7.33142305087,14.9938359108,0.0790643656524
0.88,0.0158489319246,inf,7.33030717424,14.9891854757,0.0995094970919
0.88,0.0199526231497,inf,7.32854078911,14.9818254835,0.125221973262
0.88,0.0251188643151,inf,7.32574667258,14.9701868686,0.157539556498
0.88,0.0316227766017,inf,7.32133180945,14.9518062448,0.198120869113
0.88,0.0398107170553,inf,7.31436841899,14.9228377251,0.249004008239
0.88,0.0501187233627,inf,7.30341566865,14.8773287686,0.312657934587
0.88,0.063095734448,inf,7.2862618291,14.8061911832,0.392006362739
0.88,0.0794328234724,inf,7.25957310603,14.6958446742,0.490387622916
0.89,0.01,inf,8.08957887791,15.391442099,0.0628134701192
0.89,0.01,inf,8.08957887791,15.391442099,0.0628134701192
0.89,0.0125892541179,inf,8.0888014828,15.3884381543,0.0790639541254
0.89,0.0158489319246,inf,8.08757035601,15.3836815288,0.0995086770473
0.89,0.0199526231497,inf,8.08562155841,15.3761535662,0.1252203404
0.89,0.0251188643151,inf,8.08253896114,15.3642495811,0.157536309002
0.89,0.0316227766017,inf,8.07766843162,15.3454504411,0.198114422457
0.89,0.0398107170553,inf,8.06998670977,15.315823763,0.248991248352
0.89,0.0501187233627,inf,8.05790502027,15.2692844158,0.312632794059
0.89,0.063095734448,inf,8.03898531268,15.1965447409,0.391957178007
0.89,0.0794328234724,inf,8.00955452123,15.0837334737,0.49029242964
0.9,0.01,inf,8.99852033268,15.7861101309,0.0628132637018
0.9,0.01,inf,8.99852033268,15.7861101309,0.0628132637018
0.9,0.0125892541179,inf,8.99765560154,15.7830383443,0.0790635426077
0.9,0.0158489319246,inf,8.99628617515,15.7781743318,0.0995078570323
0.9,0.0199526231497,inf,8.99411848575,15.7704765145,0.125218707625
0.9,0.0251188643151,inf,8.99068971428,15.7583041778,0.157533061797
0.9,0.0316227766017,inf,8.98527239517,15.7390818462,0.198107976711
0.9,0.0398107170553,inf,8.97672870081,15.7087897062,0.248978491299
0.9,0.0501187233627,inf,8.9632923456,15.6612086514,0.312607662284
0.9,0.063095734448,inf,8.94225374497,15.586849575,0.391908019962
0.9,0.0794328234724,inf,8.90953283486,15.4715476134,0.490197315924
0.91,0.01,inf,10.1094487776,16.180776866,0.0628130572874
0.91,0.01,inf,10.1094487776,16.180776866,0.0628130572874
0.91,0.0125892541179,inf,10.1084773027,16.1776364809,0.0790631310993
0.91,0.0158489319246,inf,10.1069388441,16.1726638847,0.0995070370468
0.91,0.0199526231497,inf,10.1045036225,16.1647943251,0.125217074941
0.91,0.0251188643151,inf,10.1006517534,16.1523506591,0.157529814882
0.91,0.0316227766017,inf,10.0945661472,16.1327004622,0.198101531873
0.91,0.0398107170553,inf,10.0849689611,16.1017355663,0.248965737067
0.91,0.0501187233627,inf,10.0698769691,16.0531014875,0.312582539258
0.91,0.063095734448,inf,10.0462487752,15.9771057141,0.391858888578
0.91,0.0794328234724,inf,10.0095070012,15.8592871296,0.490102281774
0.92,0.01,inf,11.4981093339,16.5754423044,0.0628128508759
0.92,0.01,inf,11.4981093339,16.5754423044,0.0628128508759
0.92,0.0125892541179,inf,11.4970044296,16.5722325641,0.0790627196003
0.92,0.0158489319246,inf,11.4952546816,16.5671501878,0.0995062170909
0.92,0.0199526231497,inf,11.4924850469,16.5591069972,0.125215442349
0.92,0.0251188643151,inf,11.4881043108,16.5463890259,0.157526568258
0.92,0.0316227766017,inf,11.4811833585,16.5263062909,0.198095087944
0.92,0.0398107170553,inf,11.470269339,16.4946613415,0.248952985666
0.92,0.0501187233627,inf,11.4531078792,16.44496294,0.312557424976
0.92,0.063095734448,inf,11.4262428773,16.3673131868,0.391809783833
0.92,0.0794328234724,inf,11.3844754639,16.2469520902,0.490007327077
0.93,0.01,inf,13.2835300494,16.970106446,0.0628126444673
0.93,0.01,inf,13.2835300494,16.970106446,0.0628126444673
0.93,0.0125892541179,inf,13.2822535935,16.9668265939,0.0790623081106
0.93,0.0158489319246,inf,13.2802321883,16.961633241,0.0995053971645
0.93,0.0199526231497,inf,13.2770325964,16.953414531,0.12521380985
0.93,0.0251188643151,inf,13.2719718942,16.9404192789,0.157523321924
0.93,0.0316227766017,inf,13.2639769401,16.9198993344,0.198088644924
0.93,0.0398107170553,inf,13.251369885,16.887567037,0.248940237095
0.93,0.0501187233627,inf,13.2315477704,16.8367930224,0.312532319429
0.93,0.063095734448,inf,13.2005213672,16.7574720217,0.391760705702
0.93,0.0794328234724,inf,13.1522929202,16.6345425628,0.48991245172
0.94,0.01,inf,15.6640910038,17.3647692909,0.0628124380618
0.94,0.01,inf,15.6640910038,17.3647692909,0.0628124380618
0.94,0.0125892541179,inf,15.6625858126,17.3614185704,0.0790618966303
0.94,0.0158489319246,inf,15.6602021995,17.3561130459,0.0995045772665
0.94,0.0199526231497,inf,15.6564293335,17.347716927,0.125212177444
0.94,0.0251188643151,inf,15.6504620169,17.3344414191,0.15752007588
0.94,0.0316227766017,inf,15.6410350771,17.3134795948,0.198082202813
0.94,0.0398107170553,inf,15.626170683,17.2804526575,0.248927491353
0.94,0.0501187233627,inf,15.6028011312,17.2285917427,0.312507222611
0.94,0.063095734448,inf,15.5662264438,17.147582258,0.391711654128
0.94,0.0794328234724,inf,15.5093838651,17.0220586145,0.489817655594
0.95,0.01,inf,18.9968763402,17.7594308391,0.0628122316591
0.95,0.01,inf,18.9968763402,17.7594308391,0.0628122316591
0.95,0.0125892541179,inf,18.9950509202,17.7560084937,0.0790614851593
0.95,0.0158489319246,inf,18.9921602181,17.7505896027,0.0995037573965
0.95,0.0199526231497,inf,18.9875847708,17.7420141854,0.125210545129
0.95,0.0251188643151,inf,18.980348202,17.7284554471,0.157516830127
0.95,0.0316227766017,inf,18.9689165027,17.7070470738,0.198075761609
0.95,0.0398107170553,inf,18.9508918842,17.673318208,0.248914748438
0.95,0.0501187233627,inf,18.9225560433,17.6203591128,0.312482134516
0.95,0.063095734448,inf,18.8782140703,17.5376439453,0.391662629016
0.95,0.0794328234724,inf,18.8093123898,17.4095003126,0.489722938589
0.96,0.01,inf,23.9960543452,18.1540910906,0.0628120252594
0.96,0.01,inf,23.9960543452,18.1540910906,0.0628120252594
0.96,0.0125892541179,inf,23.9937485826,18.1505963637,0.0790610736977
0.96,0.0158489319246,inf,23.9900972488,18.1450629105,0.0995029375559
0.96,0.0199526231497,inf,23.9843179336,18.1363063066,0.125208912908
0.96,0.0251188643151,inf,23.9751774965,18.1224613635,0.157513584665
0.96,0.0316227766017,inf,23.9607386835,18.1006017737,0.198069321314
0.96,0.0398107170553,inf,23.9379737911,18.0661636934,0.24890200835
0.96,0.0501187233627,inf,23.9021886699,18.0120951446,0.312457055139
0.96,0.063095734448,inf,23.8461961387,17.9276570855,0.391613630423
0.96,0.0794328234724,inf,23.7592066769,17.7968677237,0.489628300597
0.97,0.01,inf,32.3280176874,18.5487500455,0.0628118188627
0.97,0.01,inf,32.3280176874,18.5487500455,0.0628118188627
0.97,0.0125892541179,inf,32.3249113545,18.5451821805,0.0790606622454
0.97,0.0158489319246,inf,32.3199923034,18.5395329693,0.0995021177446
0.97,0.0199526231497,inf,32.3122065472,18.5305932908,0.125207280779
0.97,0.0251188643151,inf,32.2998930096,18.5164591692,0.157510339493
0.97,0.0316227766017,inf,32.2804423759,18.4941436976,0.198062881924
0.97,0.0398107170553,inf,32.2497771092,18.4589891186,0.248889271087
0.97,0.0501187233627,inf,32.2015767253,18.4037998502,0.312431984476
0.97,0.063095734448,inf,32.1261670905,18.3176217074,0.391564658324
0.97,0.0794328234724,inf,32.0090324849,18.1841609143,0.489533741512
0.98,0.01,inf,48.9919443727,18.9434077037,0.062811612469
0.98,0.01,inf,48.9919443727,18.9434077037,0.062811612469
0.98,0.0125892541179,inf,48.9872369005,18.9397659442,0.0790602508026
0.98,0.0158489319246,inf,48.9797824181,18.9339997792,0.0995012979627
0.98,0.0199526231497,inf,48.9679837879,18.9248751383,0.125205648742
0.98,0.0251188643151,inf,48.9493240692,18.9104488646,0.157507094612
0.98,0.0316227766017,inf,48.9198498458,18.8876728468,0.198056443441
0.98,0.0398107170553,inf,48.8733839554,18.8517944885,0.248876536648
0.98,0.0501187233627,inf,48.8003533523,18.7954732415,0.312406922519
0.98,0.063095734448,inf,48.6861102494,18.7075378398,0.391515712694
0.98,0.0794328234724,inf,48.5086871899,18.5713800219,0.489439260847
0.99,0.01,inf,98.9837244303,19.3380640652,0.0628114060782
0.99,0.01,inf,98.9837244303,19.3380640652,0.0628114060782
0.99,0.0125892541179,inf,98.9742135444,19.3343476555,0.0790598393685
0.99,0.0158489319246,inf,98.9591527729,19.3284633404,0.0995004782102
0.99,0.0199526231497,inf,98.9353155365,19.3191518495,0.125204016798
0.99,0.0251188643151,inf,98.8976173139,19.3044304505,0.157503850022
0.99,0.0316227766017,inf,98.8380724246,19.2811892225,0.198050005866
0.99,0.0398107170553,inf,98.7442049134,19.244579808,0.248863805033
0.99,0.0501187233627,inf,98.5966842656,19.1871153305,0.312381869265
0.99,0.063095734448,inf,98.3659422343,19.0974055112,0.391466793508
0.99,0.0794328234724,inf,98.0076573628,18.9585250753,0.489344858675
